ID,1,2,3,4,5,6,7,8,9,10,11,12,13,14,15,16,17,18,19,20,21,22,23,24,25,26,27,28,29,30,31,32,33,34,35,36,37,38,39,40,41,42,43,44,45,46,47,48,49,50
320pov,0.8446000000000119,0.846708931123008,0.8484440408153979,0.8501087555630684,0.8517856073701423,0.8534551769415705,0.8551053272179141,0.8568040257319717,0.8584905871866145,0.860198995348246,0.8619389598643935,0.8636959162637649,0.8654261711323711,0.8671807001198466,0.8688915356933662,0.8705732423242236,0.8722889327215092,0.8740483165327697,0.8758052729321355,0.8775670841552804,0.879316758318989,0.8810809969540191,0.8827821228799788,0.8844395553919634,0.8862183584983201,0.8879898793690155,0.8897589728278179,0.8914989373439777,0.8931709343272911,0.894940027786095,0.8967091212449024,0.8984903517631451,0.9001744858058933,0.9019168777339394,0.9036714067214169,0.9054235082970128,0.9071731824607222,0.9088815906223429,0.9106385470217134,0.912363947066547,0.914137895349127,0.9158705776296212,0.9176056873220043,0.9193747807808124,0.9211657209466001,0.9229153951103075,0.9246335129194795,0.9263880419069604,0.9280576114783883,0.9298242775253062
wpc,0.9677000000000122,0.968315489811575,0.9689356949961982,0.9695417540616812,0.9701328811124293,0.9707428696554202,0.9713481428253898,0.971962060845935,0.9725909108811557,0.973227619871545,0.97385332632474,0.9744719597183309,0.9750929507984754,0.9757147277741617,0.9763317893767306,0.9769622112029883,0.9775714138505134,0.9781829741845198,0.9787984639960836,0.9794155255987081,0.9800050808584345,0.9806315732071392,0.9812478489142534,0.9818531220841845,0.9824859015969697,0.9830809581253087,0.9836744428625891,0.9842970057337317,0.9849022789037125,0.9855130533422151,0.9861348303178465,0.9867330304282079,0.9873461625532708,0.9879522216186978,0.9885755703853714,0.9891879166149322,0.9898144089636293,0.9904346141482551,0.9910406732137386,0.9916428028016246,0.9922480759715557,0.9928533491415288,0.9934499774608466,0.9940057627866838,0.9944823091245543,0.9949181692957717,0.9953082536141094,0.995653054433009,0.9959695460060518,0.9962576639663357
crlyld,0.08467500000000017,0.08500451593537713,0.085270754411685,0.08554578142397393,0.08582212671666115,0.08609407774135791,0.08638668182561147,0.08666478482549549,0.08695123693456192,0.08724779586000705,0.08755094618743825,0.08785409651486878,0.08815461028150488,0.08846654914491739,0.08877409374033943,0.08908515375015441,0.0894058811495489,0.08972924510973744,0.09005085136272954,0.0903671844941329,0.09069186673471842,0.09102182209689322,0.09134211006948828,0.09167558084605602,0.09200158136703905,0.09233549157040585,0.09267467489536119,0.09299628114835326,0.09332931249812171,0.09365311588510924,0.09399098092966768,0.09432401227943599,0.09466099847039595,0.09499271153976693,0.09532969773072687,0.09567503303086945,0.09601685291661922,0.09636086993636461,0.09670225039531563,0.09704758569545811,0.09737798048443194,0.09771276954139657,0.09805722598794092,0.0983994853004898,0.09874526002743124,0.09908136736479313,0.09942670266493546,0.09977028025788175,0.10011825211881865,0.10046798168695176
obesity,0.726999999999985,0.7256815345347981,0.7243465727450276,0.722992365243214,0.7216024157047614,0.7202289624909242,0.718852759889643,0.7174765572883832,0.7161388461111626,0.7147956361590614,0.7134276817200899,0.7120734742182905,0.7107137679416022,0.7093265677905958,0.7079256207024219,0.7065879095252036,0.7052337020234011,0.703901489621049,0.702539033956921,0.7011903252299679,0.6998416165030306,0.6984764114514863,0.6971496978239964,0.6957872421598744,0.6944935211815758,0.6931723063289557,0.6918263469894455,0.6904996333619464,0.689189416059043,0.6878407073321025,0.6864645047308332,0.6851570368153728,0.6838358219627357,0.6825366022095709,0.6811851440951916,0.6798611798551408,0.6785619601019717,0.6772517427990649,0.6759222797841493,0.6745983155440984,0.6732771006914708,0.6719118956399209,0.6706099264993216,0.6692969598089983,0.6679894918935397,0.6666490313288869,0.6653305658636843,0.664014849785926,0.6627128806453352,0.6613889164052779
snmi,0.43191489361702945,0.43288336375967135,0.4335623023290693,0.4342426885563371,0.4349361037043829,0.4356758439041682,0.4364083458146213,0.4371842774610459,0.4379906099226851,0.4387969423843167,0.43961630376673266,0.4404660659643627,0.4412999039254498,0.4421438754915979,0.4429791611105644,0.44381155141378065,0.4446236745068753,0.44548501796743395,0.4463101699813161,0.44714111262667716,0.44800679906083163,0.44883774170617996,0.44967737029874094,0.4505198942070307,0.45138558064117285,0.45228022023265474,0.45313287774600647,0.4539811922857545,0.45485845998284147,0.45572414641698644,0.4566318149292569,0.4575336928100707,0.45841385582287775,0.45932007667728436,0.4602219545580963,0.4611687098327542,0.4620604541084992,0.46296957027864083,0.4638859247381076,0.4647530588301257,0.4656433554480023,0.4665206231450797,0.46741381507869234,0.4683330648538939,0.4692450763397641,0.4701469542205748,0.4710777852587068,0.47200137800750774,0.4729336567035102,0.47386304008377605
stunting,0.7463014233493734,0.7472925792887677,0.7486789438153694,0.7500485419170551,0.7514876009219403,0.7529889352193598,0.7545501496057363,0.7561520824526098,0.7577396440781353,0.7593296009072265,0.760955485789691,0.7625669994508082,0.7642048603510703,0.765825954826418,0.7674542349124457,0.7691088622376164,0.7708185792446367,0.772463625755571,0.7741350195056562,0.775777670813034,0.7774299029346496,0.7791539911630243,0.7808828697985138,0.7826093532304494,0.7842927229983301,0.7860000448017938,0.787673833755433,0.7893739699482201,0.7910645253267706,0.7928125655907329,0.7944791689337024,0.7961888859407241,0.7978698605050402,0.7996035295476491,0.8013371985902594,0.8030732628364344,0.8047733990292203,0.8064783256291248,0.8081736714147922,0.8098809932182554,0.8116362190928954,0.8133722833390667,0.815074814735411,0.8168180645922556,0.8185445480241875,0.8202087561635942,0.8218873355243572,0.8235922621242631,0.8252971887241664,0.8270548098023627
trophic,0.834500000000015,0.8342023800144659,0.8338962389176146,0.8335977668209575,0.833304833446636,0.8330059352944027,0.832713854031206,0.8324226248791536,0.8321343781160534,0.8318452792418268,0.8315672578122836,0.831277732882492,0.8309928945639165,0.8306922921894261,0.8304142707598827,0.8301255979412209,0.8298458722894297,0.8295738156378172,0.8293004808194935,0.8290147903897868,0.828732508404604,0.8284417053081161,0.8281717789343173,0.8278988701715687,0.8276148839641251,0.8273441054792067,0.8270737530498488,0.8268029745649229,0.826529639746612,0.8262409669279485,0.8259637976095461,0.8256930191246197,0.8254132934728292,0.8251442192101713,0.8248674759473347,0.8245966974624088,0.8243212323662688,0.8240572707703959,0.8237860662299081,0.8235212525228982,0.8232581430381518,0.82300142438689,0.8227242550684873,0.8224637019171324,0.8221899410432502,0.8219251273362471,0.8216590354625466,0.8213912393665774,0.8211268517151342,0.8208582035080425
undernsh,0.9589999999999765,0.9588157688150611,0.9585641101655459,0.9583173484827362,0.9580739770076367,0.957834749119738,0.9575996648190603,0.9573540332054822,0.9571151820073477,0.956875577429709,0.9566340894033456,0.95640164193088,0.9561650508712107,0.9559348635372416,0.9557054295827494,0.9554786324564941,0.9552446782250437,0.9550178810987725,0.9548008779059218,0.9545917851977276,0.9543612211740085,0.9541464781196196,0.9539351252729446,0.953718875459584,0.9535022489564673,0.9532807254866575,0.9530599553963297,0.9528531228266158,0.9526470436363962,0.9524285336845472,0.9522171808378868,0.9520137384758875,0.9518050224574449,0.9515876425748342,0.9513717694512079,0.9511536361891163,0.9509524539655944,0.9507418544984223,0.9505402955851523,0.9503330863256908,0.9501213567892841,0.9499175377375382,0.9497091984088452,0.9495034959083678,0.9492962866489071,0.949088324009959,0.9488743343350636,0.9486772956987597,0.9484689563700586,0.9482538366259259
wasting,0.8615359617960758,0.8616779772848359,0.8618001591740782,0.8619176633275336,0.8620415292016447,0.8621682017171659,0.8622924418101308,0.8624279084688516,0.8625616911427381,0.8626941640505851,0.862830566256472,0.8629705235415278,0.8631155327811831,0.8632579224888269,0.863399750868173,0.8635427019041072,0.8636884595814808,0.8638334688211382,0.8639786651702275,0.8641270423796216,0.8642752324795868,0.8644193061720933,0.864565438068329,0.8647115699645674,0.8648603213928194,0.8650096341493649,0.8651567015927465,0.8653090081001715,0.8654618759358765,0.8656128726772907,0.8657619983244,0.8659137435035332,0.8660626820412155,0.866216672533504,0.8663671079466224,0.8665192273446171,0.8666719080708913,0.8668249630160364,0.8669798890554683,0.8671344408760517,0.8672873087117549,0.867442983188916,0.8675980963377776,0.867752461048929,0.8679027093526173,0.868055015860043,0.8682103161183319,0.8683637452823387,0.868516613118039,0.8686719133763454
births,0.9676857955431915,0.9681841629874923,0.9699223825399244,0.9716557207848432,0.9733256020321205,0.9750955500834021,0.9768581761734041,0.9786549714160028,0.9803956316222057,0.9822290366711403,0.984025831913738,0.9857908986575038,0.9876047784763862,0.9893698452201547,0.9910354293420813,0.9923591690102634,0.9933414338267111,0.9941306705050322,0.9948717155912512,0.9955334478631717,0.9960909115436337,0.9966435525299451,0.9970992718414137,0.997492779167558,0.9978471030378218,0.9981500719074551,0.9984060759741168,0.9986350513006411,0.9988182527236072,0.998984986999938,0.9991350517349865,0.9992863957728638,0.9993953714680295,0.9994831863013671,0.9995468011013035,0.9996332967814388,0.9996906119317513,0.9997348061577278,0.9997593003735202,0.999784069859864,0.9998156228533839,0.9998343747854876,0.9998540112914597,0.9998692611329715,0.9998843632325332,0.9999009295680823,0.9999184581515562,0.9999239264662004,0.9999371121962547,0.9999471419554914
fertility,0.7052318181818089,0.7063836595398526,0.7076374039079341,0.7088977226637565,0.7101826953736537,0.71144137053255,0.7127329176301734,0.7140047415645698,0.7153308041978623,0.7166092025199974,0.7178793828574555,0.7191988711029984,0.720490418200627,0.7217885396860075,0.7230767995897597,0.7243551979118957,0.7256451014125956,0.7269399357040867,0.7282544931588281,0.7295624762258301,0.7308408745479593,0.7321422832272173,0.7334436919064614,0.7347746853305586,0.7360859555914377,0.7373840770768088,0.7387117833070385,0.7399786764506228,0.7412751543390598,0.7425782066152435,0.7438960512638597,0.7452254010910245,0.7465383149488277,0.7478676647760006,0.7491394887103878,0.7504491153743179,0.7517439496658261,0.7530453583450676,0.7543319746518852,0.755626808943396,0.7569413663981275,0.75823620068964,0.7595113118178985,0.7608160076910132,0.7621091983855878,0.7634155378556438,0.764720233728763,0.7660183552141409,0.7673444178474336,0.7686655496899194
matmort,0.9844000000000215,0.984520836822417,0.9846595935855366,0.9847992244921032,0.9849351402890233,0.9850708375500724,0.9852063162752429,0.9853490066838742,0.9854919156283596,0.9856284870328617,0.9857659325807993,0.9859009742342486,0.9860377641746098,0.9861747726508255,0.9863159333084268,0.9864468227805103,0.9865796790753413,0.9867125353701874,0.9868375243739975,0.9869684138460865,0.9871047667147187,0.9872382786171382,0.9873682939457811,0.987504646814409,0.9876289802106393,0.9877539692144536,0.9878793952899848,0.9880146554793129,0.9881457634872552,0.9882766529593433,0.9884033902500512,0.9885316572917878,0.9886570833673296,0.9887888469828569,0.9889158028094303,0.9890427586360006,0.9891734295722198,0.9893016966139652,0.9894297451198412,0.9895593233767565,0.9896843123805704,0.9898101755278269,0.9899380054978492,0.9900673652188957,0.9902054663744244,0.9903346075596151,0.9904637487448001,0.9905885192127555,0.9907191901489742,0.9908478942624419
neonat,0.8622950819672058,0.8641104788308213,0.865928358972202,0.8676767073349562,0.8694002229195787,0.8711709207825955,0.8729714179793387,0.87481661417664,0.8766916097076638,0.8785790216277264,0.8804738833812216,0.8823513621900462,0.8842263577210667,0.886168401752935,0.8880731966176688,0.8899680583711622,0.8918877529027515,0.8938695293795645,0.8958215065226829,0.8977263013874089,0.8996733119749076,0.9016774379520085,0.9036616977066487,0.9056385076278486,0.907590484770965,0.9095499117474967,0.9115515544468016,0.9135358142014305,0.9155473900119722,0.917546549433452,0.9195258426324656,0.9215051358314832,0.9235291280310655,0.9255580867862692,0.927584562263661,0.9295862049629646,0.9316176469959747,0.933587007083751,0.9355712668383821,0.9376076754270162,0.939639117460028,0.9416432434371346,0.9436697189145249,0.9456887445584926,0.9477028036468361,0.9496721637346172,0.9516514569336264,0.9536257835770272,0.955629909554132,0.9575669870303902
smoke,0.7929466501736552,0.7931247868578347,0.7944000311597917,0.7954745160780824,0.7965998977415221,0.7977507277775522,0.7990570756459844,0.8002729404119197,0.8015425295199623,0.8028630153731671,0.8041778460324583,0.8055464010338637,0.8069573699895553,0.8083117870061884,0.8096888247984507,0.8111224145297685,0.8126182113940542,0.814080077094898,0.8155900119439472,0.817176291910724,0.8188700205617231,0.8205580940188051,0.822350788563152,0.8241067243471115,0.8259616260244186,0.8278080449108799,0.829648808603422,0.8315517794289339,0.8334660606422553,0.8354029626312078,0.8374133821409313,0.8394096636658943,0.8414370487573367,0.8434785718335419,0.8454635429706978,0.8476012043433034,0.849645555016466,0.8517379748378224,0.8537964634957528,0.8558860557201584,0.8579897859293373,0.8600822057506945,0.862171797975104,0.8642698729903765,0.8664414655264201,0.8685989200777013,0.870778995404601,0.8729194843741654,0.8750910769102083,0.8771919795224323
swb,0.7400000000000071,0.741368992003918,0.7421127253634568,0.7427359960483894,0.7433669151571299,0.7439538558290992,0.7445618296664578,0.7451736277157249,0.7458064589303997,0.7464469385688579,0.7471065392667646,0.7477795247063105,0.7484792796290948,0.749165649810255,0.7498673168389817,0.7505555991260934,0.7512362329894203,0.7519130426408468,0.7526300065171463,0.7533794761945292,0.7540754069054225,0.7548535581719937,0.7556068520612719,0.7563257280435167,0.7570637250852214,0.7578304037161187,0.7585473675924199,0.7592375619854733,0.7599449653320398,0.7606848744796941,0.761407574673832,0.7620939448549914,0.7628319418966966,0.7635986205275973,0.7643289691455196,0.7650860872466835,0.7658699748310956,0.7666309171441554,0.7673899473512694,0.7680724933205375,0.7688047540444075,0.7695580479336807,0.770276923915927,0.7710168330635788,0.7718045448598833,0.7725597508551048,0.7733531989692463,0.7740778112693318,0.7748196325229281,0.7756627953916697
tb,0.986250000000017,0.9862621685625929,0.9862742980508161,0.9862865056877989,0.9862979318372176,0.9863091626147699,0.9863218000698977,0.9863346719712728,0.9863462544182197,0.9863581103858038,0.9863709041384289,0.9863831508497856,0.9863961790486818,0.9864095979913422,0.9864224698927346,0.986435537166012,0.9864473149848316,0.9864604994812375,0.9864732541594967,0.9864854617964672,0.9864980992515922,0.9865112055992427,0.986524507318776,0.9865365977326205,0.9865506027909458,0.9865648422955324,0.986578417535711,0.9865914457346033,0.9866053335697985,0.9866187915868431,0.9866315853394771,0.9866447698358799,0.9866564304315771,0.9866693414073388,0.9866820179368394,0.986693834830043,0.9867079961858749,0.9867205945666235,0.9867341698067982,0.9867466900387895,0.9867594056426693,0.9867722775440563,0.9867856183379677,0.986798959131883,0.9868119873307756,0.9868249764552961,0.9868384344723413,0.9868521269356508,0.9868651942089216,0.9868779879615563
traffic,0.8094285714285825,0.8097161320008972,0.8099678052366603,0.8102345123566761,0.810501704440715,0.8107635619206314,0.8110283291846073,0.8112863069525064,0.8115598035686132,0.8118308753646668,0.8120878832045368,0.8123482857924679,0.8126091733443774,0.8128710308243068,0.8131285236281969,0.813391351036148,0.8136464190199644,0.8138956674357165,0.8141400662114088,0.8143820401670385,0.8146293487267473,0.8148853866386124,0.8151263906662423,0.815388733110169,0.8156418612379778,0.8158857750496631,0.8161272640412872,0.8163692379969137,0.8166281856928211,0.8168803438926188,0.8171257125962951,0.8173812655441358,0.8176368184919947,0.8178841270517088,0.8181275558993573,0.8183811689911797,0.8186318722989594,0.8188845154627464,0.8191264894183811,0.8193815574022308,0.8196303208539707,0.8198761745216557,0.8201176635132956,0.8203547878288729,0.8206103407767056,0.8208741381126647,0.8211277512044899,0.8213765146562321,0.8216165487558319,0.8218628873875413
u5mort,0.9247826086956424,0.9256941736817302,0.926426885157235,0.9271894055511636,0.9279752546638523,0.9287598077366297,0.9295884261670703,0.9304429653961597,0.9313441620628112,0.9322505428891674,0.9331517395558017,0.9340633045418845,0.9349619091286755,0.93588254639429,0.9368239202988062,0.9377886229221164,0.9387416611860201,0.939701179649602,0.9406451456339994,0.9416266967764048,0.9426030637590892,0.943583318861563,0.9445583898043398,0.9455490132262732,0.946522788129088,0.9475328521500134,0.9485169953722855,0.9495192831536182,0.950512498655426,0.951536819115585,0.9525429950167038,0.9535517629976838,0.9545592349387528,0.9555667068798018,0.9565819550604374,0.9575946111612267,0.958604675182139,0.9596225154426511,0.9606416517430985,0.9616620840834622,0.9626747401842388,0.9636770279655634,0.9647052365455389,0.965719188686248,0.9667137002279736,0.9677095078096478,0.9687104995510399,0.9696907546535228,0.970680082035537,0.9716875539765828
vac,0.8300000000000125,0.8281884644815093,0.8254681737052166,0.8226769556892727,0.8199655308179099,0.8171876116594174,0.8145160833603543,0.8118135243939499,0.8090666359027782,0.80641283941364,0.8037280122571461,0.8011141123402901,0.7984425840412435,0.7956469330728194,0.7929576729638504,0.7902506810449724,0.7875481220785846,0.7849652528290691,0.7822981574824823,0.7797064223280261,0.7770792235537352,0.7743190362051315,0.7716962703833258,0.7689582477971141,0.7663576467376888,0.7637925092980787,0.7612185059535304,0.7585070810821737,0.7558577175455001,0.7531994881038833,0.7505456916147312,0.7479140598879643,0.7452824281611982,0.7426640952918774,0.7401432873770403,0.7374141306957752,0.7347824989690223,0.7322838558165695,0.7296167604699884,0.7269363662659769,0.724264837966925,0.7216066085252969,0.7189794097510049,0.7164674677411378,0.7137205792499627,0.7112219360975133,0.7086434998004834,0.7060384657885824,0.703397968156863,0.7008860261469794
earlyedu,0.9925299999999897,0.9949018556607577,0.9962736394231423,0.9972026140850043,0.9978150494371938,0.9983509516486893,0.9986742890654413,0.9990097779175596,0.9992299888932346,0.9993652067514296,0.9995309249481911,0.9996043741168839,0.9996681407096577,0.9997418307816703,0.9997858314667303,0.9998254027862004,0.9998447693075003,0.9998954547448992,0.999916853868813,0.9999232897116778,0.999935600578258,0.999947314387313,0.9999505480576893,0.9999596332600444,0.9999687137219148,0.9999735538510838,0.9999735576434741,0.9999784102032484,0.9999858865238945,0.9999875053079502,0.9999875025690016,0.9999875113125634,0.9999875104698103,0.9999891235652822,0.9999891216690898,0.9999891284111111,0.9999891289378328,0.9999907489860157,0.9999907465631006,0.9999907581509536,0.9999907464577575,0.9999907542532223,0.9999907493020473,0.9999966087348346,0.9999966096829317,0.9999966086294897,0.9999966052584789,0.9999982284669848,0.9999998474617281,0.9999998396662646
primary,0.9959599999999903,0.9958852258759242,0.9958023320902358,0.9957204078163887,0.9956373928417085,0.9955535295441924,0.9954685755458493,0.9953854393821984,0.9953035151083428,0.995220742511638,0.9951374851590057,0.9950561668300415,0.9949742425561914,0.9948946208729432,0.9948142720558186,0.9947334384827753,0.9946543015554498,0.9945720137146538,0.9944905741967212,0.9944101041906154,0.9943284222947174,0.9942461344539232,0.9941634830461947,0.9940873758433459,0.9940047244356138,0.9939242544295113,0.9938449963132021,0.99376573819689,0.9936824808442617,0.9936063736414189,0.9935272367140869,0.9934506447553215,0.9933689628594289,0.9932884928533231,0.9932106890047655,0.9931296130537672,0.9930522939611273,0.992974368923586,0.9928938989174857,0.9928129441554667,0.992735503873843,0.9926552762457005,0.9925757757514351,0.9924955481232887,0.9924190773535034,0.9923388497253618,0.9922581373412981,0.9921786368470266,0.9920988939748033,0.9920201206144109
second,0.7022887323943612,0.702750860499969,0.7031576228084279,0.7035879314903787,0.7040163310068933,0.704444094134958,0.704898585578898,0.7053454403611473,0.7058012045820263,0.7062480593642844,0.7067133694122675,0.7071824977910808,0.7076560808892127,0.7081474828645973,0.7086293390128762,0.7091188318228392,0.7096089610212795,0.7101143635430672,0.7106127657916547,0.7111175319249763,0.7116165705620392,0.7121181547529907,0.7126121022822643,0.7131079589769641,0.7136254528797454,0.7141512198326819,0.7146712592893609,0.7151995717961904,0.7157183384759224,0.7162466509827516,0.7167647812740099,0.7172810023998469,0.717798496302633,0.718327445197938,0.7188455754891941,0.7193617966150329,0.7198811996832364,0.7204050574707556,0.7209238241504857,0.721443227218688,0.7219556300136918,0.7224845789089929,0.7230179825236083,0.723538658368759,0.7240765167026882,0.7246061019864652,0.7251337781048175,0.7256633633885994,0.7261974033916883,0.7267218975676744
tertiary,0.2979571428571392,0.29897573860562576,0.29982570315309554,0.30072309522585333,0.3016270744548982,0.3025205142338811,0.30345215951933957,0.30439829654863876,0.30536419504680407,0.3063432678575469,0.3073118012182286,0.30828823916645887,0.30926862940846334,0.3102621939630445,0.31121623557989064,0.31219662582189367,0.31316252432005826,0.3141363274057735,0.3151127653540019,0.3160892033022313,0.31708540271932867,0.31804866635497836,0.31903300889075586,0.3200147165640177,0.32098851964972963,0.3219610053041861,0.3229545698587688,0.3239270555132233,0.3249193026365478,0.32589969287854925,0.3268840354143266,0.3278538862062672,0.32882241956694847,0.3298067621027248,0.3307818826196982,0.33173328937402496,0.33271367961603043,0.33368353040796955,0.33465733349368304,0.3356443108919744,0.3366391928778147,0.33763275743239585,0.33862500455572075,0.3396225214040757,0.3406002767835629,0.3415819844568256,0.3426018976365625,0.34355857411592616,0.3444994414201915,0.3454679747808731
edat,0.6976740740740688,0.6977675126789157,0.6984746156357795,0.699343342125673,0.7002625759696418,0.7011161502533132,0.7019343693891433,0.7027046065385956,0.703575858396208,0.7044168058413688,0.7052628040219304,0.7061340558795319,0.706957325750763,0.7077704941511871,0.7085962893901203,0.7093387474948318,0.7101695934691775,0.7109802365018892,0.7118590644626033,0.7126924358046529,0.7135788398684806,0.7144576678291944,0.7153440718930231,0.7162532042661861,0.7171017278144569,0.7179931826136906,0.7188442315296644,0.7196826536071197,0.7205463293616122,0.7213973782775862,0.7222812569737134,0.7231954400822813,0.7240666919398828,0.7249985526223806,0.7258470761706507,0.7267865129562563,0.7276754423877889,0.7285972015994714,0.729554315959004,0.7304533468613486,0.7313296494543622,0.7322362564598204,0.7330317472863096,0.7338726947314694,0.7347464719567794,0.735648028226829,0.7365218054521364,0.7374662929731517,0.7383451209338676,0.7393173874996222
lfpr,0.5291415094339543,0.5308362919963336,0.5323482637844149,0.5338321108380119,0.5352948643407174,0.5368326171354447,0.5383750573859102,0.5399549972823919,0.5415818117363705,0.5431172208032169,0.5447323166178257,0.5463942869899324,0.548056257362046,0.5497721334752835,0.5514880095885304,0.5531991982460179,0.5549127306313859,0.5565864196428707,0.5583257330348678,0.5600158281414839,0.5617457666219755,0.5635155484763497,0.5651822063042073,0.5669051136010809,0.5686186459864432,0.5704048339359448,0.5721793032460666,0.5738740858084336,0.5756907422203139,0.5775027111764397,0.5792373371126845,0.5809625881374255,0.5826784642506714,0.584441214921417,0.586199278136416,0.5879995284531649,0.5897505604845377,0.5915648731685421,0.5933744983967948,0.5951583426184195,0.5969187495612905,0.5987588432519251,0.6005426874735487,0.6023593438854259,0.6041525630185508,0.6058543767645433,0.6076429084419204,0.609436127575045,0.6112527839869228,0.613057721759425
parl,0.566153846153841,0.5848447378482049,0.5902154387683619,0.5967583164766472,0.6040045002578114,0.6108883748499166,0.6177083125263063,0.6248692470865143,0.6315826232367094,0.6381468132502334,0.6452011862842484,0.6520211239606372,0.6589689354684587,0.6654691885662671,0.6719481293588367,0.678554943982839,0.6850125724701701,0.691512825567979,0.6974589587295806,0.703149344228318,0.7090315404742044,0.7146016521905807,0.7203209500436287,0.7262533709490633,0.7312206259116608,0.736834850080491,0.7420319160355965,0.7479795370391751,0.7535541122814821,0.7584878305246506,0.7637123209920899,0.7685318776599945,0.7733757223170895,0.7782668159497809,0.7826844145021016,0.7872847359105226,0.7916185730838654,0.7955810131771017,0.7994018671827391,0.8034191563006435,0.8074516455166916,0.8112207870208026,0.8146702439463326,0.8184560733905646,0.8219268426213331,0.8254463486696757,0.8291408166858575,0.8323679018287635,0.8353438636739239,0.8383761623857289
paygap,0.6920000000000053,0.6920710878773946,0.6921112123984089,0.6921488878403627,0.6921866507494385,0.692227475007314,0.6922683867322847,0.6923089485888276,0.6923529216626099,0.6923953203284308,0.692439380869311,0.6924837038115218,0.6925293387603557,0.6925763731829258,0.6926255942832102,0.6926722788373458,0.6927221996744989,0.6927713333076732,0.6928204669408434,0.6928695131069113,0.6929189966085195,0.6929691798469934,0.6930214622960748,0.6930708583305736,0.6931223535756776,0.6931759480313822,0.6932271808751593,0.6932806878637575,0.6933331452470535,0.6933880517093868,0.6934440077770222,0.6934966400945355,0.6935504094844577,0.6936046162099224,0.6936609221459903,0.6937150414043485,0.6937703852022217,0.6938259039343164,0.6938794109229128,0.6939315184377763,0.6939863374330011,0.6940420310993087,0.6940972874300761,0.6941531560306019,0.6942094619666708,0.694265680435632,0.6943207618321813,0.694377854972226,0.6944353854478131,0.6944919537852062
safesan,0.4085600000000059,0.4130772568891964,0.4178976481665787,0.42218123896485776,0.4267490182520784,0.43121575274322893,0.43574564023193213,0.4403576266174346,0.4451022342977707,0.4497710583810577,0.454439882464343,0.4590708147491048,0.46378384593068017,0.46849687711224186,0.47324780009233963,0.4779734618734158,0.4825854482589103,0.48726690294170827,0.4917462680323774,0.4960298588306535,0.5003513414274644,0.5045149415304159,0.508748009930659,0.5128358264365622,0.5170373183380441,0.5212577561387792,0.5254908245390311,0.5297175776395239,0.5339632766392771,0.5381773991402649,0.5423473145429739,0.5465803829432174,0.5506934606481406,0.5548823219501081,0.5589006701587106,0.5631400538587148,0.5674173293572428,0.5716251365584734,0.575864520258477,0.5800912733589711,0.5842864499606922,0.5883616358670867,0.5924747135720058,0.5967456737707765,0.6008713820752061,0.6051297116744698,0.6093185729764381,0.613507434278408,0.6177720791774276,0.6220556699757092
safewat,0.4201899999999944,0.42073011218333994,0.42131082878985693,0.4219066725344218,0.42249853545317806,0.4230768635642058,0.42368226129068337,0.42429243600812144,0.42491375703780687,0.4255263202507355,0.4261253486559305,0.4267267655566089,0.42733375561340686,0.42795109581728535,0.4285907286456544,0.4292192151617791,0.4298532748340302,0.43048255751531195,0.43111024786627605,0.43173793821723777,0.4323688132288418,0.4330020767359288,0.43361623227916996,0.43427099224558424,0.43490744041331136,0.4355518502326368,0.43619864854744334,0.43683031972420777,0.43748507969061806,0.43814780130863634,0.43880893059632686,0.43946209823241594,0.44011924669430563,0.4407660450091113,0.44141284332392106,0.44205566081292946,0.44271440160514486,0.4433715500670336,0.44402392153796383,0.4446731083482506,0.4453302568101395,0.4459746666294693,0.44661987261395725,0.4472913520487357,0.44796681230930996,0.4486327185879612,0.4492930517104903,0.4499581618239824,0.4506232719374765,0.4512979360328954
sanita,0.8762400000000197,0.8777220152347625,0.8799850814463183,0.8822610044640712,0.8846172825205765,0.887063558220503,0.8895098339204377,0.8919786090312127,0.8944763119559631,0.8970093710977532,0.8994974314178358,0.9020144195518817,0.9045281934843674,0.9070901804401129,0.9096843094113686,0.912291295188819,0.9149014951678253,0.9175245519530358,0.9201476087382452,0.9227738797250103,0.9253937223086667,0.9280296359000766,0.93061412226668,0.9332114654394801,0.9358216654184871,0.9383643671649327,0.9409681387408361,0.9435558393089933,0.9461242546678401,0.9487312404452979,0.9512964416025974,0.9539194983878027,0.9565039847544046,0.959069185911704,0.9616826000922571,0.964337798892977,0.9669544272750829,0.9695260568354854,0.9721298284113911,0.9747207431810937,0.9773084437492433,0.9798104653037104,0.9819950107659182,0.9838119150857385,0.985359192964319,0.9866912556561955,0.9878838884994555,0.98892099890144,0.9898503355191695,0.9907293010976812
scarcew,0.9896310679611423,0.9896770310678338,0.9897168481592241,0.989754496068762,0.9897935177934731,0.9898318887636283,0.9898720673853308,0.9899113060282344,0.9899509062014414,0.9899905063746551,0.9900289496508686,0.9900701405574394,0.9901106084033938,0.9901523054524015,0.9901940025014049,0.990236784141348,0.9902799273115915,0.9903214074424118,0.9903638998581025,0.9904073322525957,0.9904500415864743,0.9904930401445964,0.9905342310511684,0.9905778803638495,0.9906204450855997,0.9906635882558495,0.9907070929564056,0.9907511761054583,0.9907953315605748,0.9908390531793181,0.9908837147768663,0.9909274363956093,0.990972097993158,0.9910171211210157,0.9910626503913122,0.9911047089706272,0.991148719813619,0.9911916460656797,0.9912361630511058,0.9912805354244058,0.9913237509007146,0.9913688463346357,0.9914150986655502,0.9914605556297822,0.9915036264939655,0.9915471311945246,0.9915939619739327,0.9916388404896688,0.9916837190054045,0.9917292482756956
water,0.973449999999985,0.9751398168866511,0.9762477279297326,0.977471058313706,0.9787304572416834,0.9800042835872885,0.9814416206657702,0.9828837668834741,0.9843667907843868,0.9858714558117152,0.9874073802438728,0.98899620520725,0.9906114804362472,0.9922195419564463,0.99366472727674,0.9949089131294147,0.9960516168295696,0.9969381689824482,0.9976367311082488,0.9982365309311572,0.9986651226818746,0.9990281034316026,0.9992760531428777,0.9994658774296332,0.9995926314208514,0.9997105146621725,0.9997809598423164,0.9998095824870205,0.9998469962737664,0.9998836595443744,0.9999002093642471,0.9999074006509846,0.9999313410070979,0.9999346119516807,0.9999405570379876,0.999948277642118,0.9999473895371607,0.9999506766062027,0.9999623189366699,0.9999593962607086,0.9999687926482791,0.9999709486836432,0.9999705681661029,0.9999661339389238,0.9999733637721873,0.9999703196318658,0.9999718417020265,0.9999630897986024,0.9999642313512228,0.9999647333331232
cleanfuel,0.845900000000003,0.8464528470662613,0.8471124852154365,0.8477481498561931,0.8484099674152181,0.8491186422861302,0.8498458421408156,0.8505817596349224,0.8513416506374425,0.8520928240005314,0.8528581635276871,0.8536267721696189,0.8543942911066277,0.8551792453224806,0.8559707377678966,0.8567763963773697,0.8575896829213444,0.85839752094067,0.85919882073044,0.8599924925857112,0.8608025100148982,0.8616321421327809,0.86244760808661,0.8632652534502849,0.8640937958632469,0.8649168897515609,0.8657356248201704,0.8665521804789248,0.8673556596785469,0.868180932976718,0.8689963989305465,0.8698184031139378,0.8706578425761693,0.8714831158743467,0.8723116582873015,0.8731554565692468,0.8739927166216234,0.8748169002148746,0.8756574293820303,0.8765001379590506,0.8773330391917169,0.878164850719458,0.8789988416570519,0.8798328325946498,0.8806766308765894,0.8815236982733208,0.8823631377355499,0.883217833066774,0.8840616313487185,0.8848879943518224
co2twh,0.9854818181818241,0.985529090107397,0.9855728534585582,0.985616032047309,0.9856597953984519,0.9857056054180287,0.9857527311530263,0.9857966406947746,0.985842962381453,0.985888699305732,0.9859357519454313,0.9859829507757258,0.986030441987229,0.98607793319873,0.986127617269268,0.9861763511008862,0.9862247925512997,0.9862728685252127,0.9863205059273161,0.9863688742824296,0.9864165116845358,0.9864648069443509,0.9865114210122369,0.9865614705592771,0.9866099120096938,0.9866582072695081,0.9867088415789564,0.9867588911259941,0.9868085751965306,0.986858332362365,0.9869063352409747,0.986955580739701,0.9870048262384303,0.9870535600700496,0.9871013436627554,0.9871500774943762,0.9871986651353933,0.9872481299200259,0.9872967906563436,0.9873461823456738,0.9873960126068109,0.9874467931068606,0.9874973543210085,0.987547111486842,0.9875959915090646,0.987646552723211,0.987693824648812,0.9877427777663361,0.9877927542180724,0.9878413418590919
elecac,0.9932000000000015,0.9934741273488021,0.9937522523174902,0.9940213826414884,0.9943020061225517,0.9945591435870683,0.9948467629028205,0.995120890251663,0.9953885214682318,0.9956616494120923,0.9959187868766117,0.9961849189857402,0.9964585466320915,0.9967221802288321,0.996975994192271,0.9972178969935376,0.9974599640609652,0.9976951682349423,0.9978967955783161,0.9980791845339902,0.9982600497552856,0.9984160619565743,0.9985668974497093,0.9986928038426582,0.9988216179654377,0.9989484368708726,0.9990555258150378,0.9991546751247345,0.9992521299451639,0.9993351450219584,0.9994101941628162,0.9994842597688159,0.9995393513324599,0.999591470008044,0.999633455451082,0.9996747902837916,0.9997131415535073,0.9997521197778344,0.9997804977198952,0.9998019523490909,0.9998259633606583,0.999848298268203,0.9998651389225556,0.9998814903777217,0.9998955200700967,0.9999043101265523,0.9999151805152171,0.9999230415954384,0.9999355429862213,0.9999444080762785
ren,0.07817000000000006,0.07737825825797912,0.0767339089063252,0.07603733390454157,0.07536513087281921,0.07467087701104098,0.07396269630922934,0.07325219446741149,0.07257650972567996,0.07186948959387003,0.07118684143212134,0.07052972581043634,0.06985404106870605,0.06914469979689072,0.06844812479510685,0.06775503150333219,0.0670897918916268,0.06643267626994259,0.06576511551823207,0.06509059134650345,0.06444159971483954,0.06376591497310842,0.06309951479140045,0.062418027199654856,0.06171913105786571,0.06106781828619551,0.06039329411446739,0.059737339062785944,0.059088347431121395,0.05841266268939059,0.057774116187752585,0.05712164284607951,0.05641926499428174,0.05577027336261721,0.05511896059094743,0.05443863356920471,0.05378848136753752,0.05310815434579487,0.05251370950426748,0.05187864471263816,0.05122965308097404,0.05060735455937687,0.0499270275376341,0.049273393625958194,0.048625562564297065,0.04796960751261527,0.04732873987097157,0.04668439051931917,0.046026114327631526,0.04538408611598485
empop,0.4168399999999934,0.4172926870279613,0.4177486267604681,0.4182232695441107,0.4186873410379842,0.4191514125318576,0.4196097917927717,0.4200551602355056,0.42053793478051343,0.4210011930982501,0.4214546933023484,0.42192527020531034,0.4223592541821311,0.4228176334430487,0.42325161741987105,0.4237059308001056,0.4241382884246543,0.42457145922533873,0.42502739895784775,0.4254369876505764,0.4258758506842166,0.4263163400701327,0.42673568687649666,0.42717454991013915,0.42760853388696096,0.428045770568329,0.428467556903106,0.42888690370947136,0.42933064579993074,0.42976950883357307,0.430191295168348,0.43060332338948676,0.43102673607653474,0.43144364335449054,0.4318629901608591,0.43227745791040556,0.4326959915406344,0.4331267228129126,0.4335696517272353,0.4339898117097392,0.43442216933428773,0.4348317580270162,0.43526330247543094,0.43566963846361373,0.43607841398020397,0.4365514304115773,0.43696915086567095,0.4373746736777177,0.437779383313628,0.4382141804665852
gdpgrowth,0.6279529535802804,0.6280694654810883,0.6281466819606072,0.62822548842826,0.6283197404950387,0.6284076326092359,0.628494161876459,0.6285788740143629,0.6286651761404201,0.6287582925013747,0.6288464117567379,0.6289338495886109,0.6290292373611994,0.6291209908751816,0.6292088829893749,0.6292958665389238,0.6293833043707946,0.6294709693438321,0.629551820081959,0.6296417564666306,0.6297273771691928,0.6298170864126966,0.6299045242445704,0.6299903720882946,0.6300850784374005,0.63017251626927,0.6302619983716179,0.6303478462153405,0.6304348297648882,0.6305213590321004,0.6306017554879051,0.6306937361430475,0.6307807196925886,0.6308679303832992,0.6309580939091279,0.6310453045998411,0.6311359224080011,0.6312244959456922,0.6313164766008289,0.6314070944089918,0.631495440805516,0.6315858314725098,0.6316739507278751,0.6317584357246169,0.6318429207213658,0.6319330842471966,0.632019840655583,0.6321050070758152,0.6321938077546706,0.6322810184453745
impacc,0.9901099560782702,0.9901366141468361,0.9901584726118854,0.9901793129792269,0.9901999351827789,0.9902209209926541,0.9902421613269557,0.9902644924802426,0.9902869690760552,0.9903096274750322,0.9903327585622403,0.9903555624037549,0.9903776753932467,0.9904011700867841,0.9904248465834827,0.9904490321290388,0.9904721268556103,0.9904958397129413,0.9905193707671119,0.9905430472638134,0.9905664692360834,0.9905900002902507,0.9906140767539081,0.990637207841114,0.9906612479441418,0.9906852880471699,0.9907087463800722,0.9907330046468978,0.990757190192457,0.9907815939018122,0.9908054522016767,0.9908303649598857,0.9908545141448103,0.9908792450998611,0.9909043033006079,0.9909288160918612,0.9909529652767861,0.9909764236096894,0.9910007182371471,0.991025012864603,0.9910501801472477,0.9910744384140692,0.9910992057297513,0.9911238639635351,0.9911493584918737,0.991173907643761,0.9911979477467876,0.9912236604389236,0.99124817323018,0.9912731950702913
yneet,0.5540199999999948,0.5552328274072029,0.5561364555133261,0.5569847532181956,0.5578200320051326,0.5586536834273212,0.5595329010622996,0.5603990997793425,0.5612864542380336,0.5621640445082716,0.5630579084259351,0.5639566544378287,0.5648423815317783,0.5657411275436699,0.5667065955100089,0.5676281246282963,0.5685561632055558,0.5695330227250882,0.5704496697491515,0.5713939819738325,0.572336666833775,0.5732923706116556,0.5742529564837661,0.5752102876263915,0.5761920292401534,0.5771330867353534,0.5781311019965416,0.5790737868564833,0.5800815663061278,0.581063307919891,0.5819929738618911,0.5829844796641106,0.5839971412079846,0.585006548022369,0.5859736433534509,0.5869570123319552,0.5878996971918967,0.5888895756293712,0.5898696898783942,0.5908856061517498,0.5919259328962461,0.5929597501817736,0.5939772938198721,0.5950062290111705,0.5960140084608136,0.5970331794636582,0.5979953927005094,0.5990129363386096,0.6000288526119673,0.6010350046968679
articles,0.03733333333333343,0.037632200140196956,0.03798942902764662,0.038349756786631106,0.03872351298893649,0.03909468679829662,0.03948755270840449,0.039876286789798494,0.0402588231281212,0.04064755720951484,0.04104145607680199,0.04144310212292696,0.04184784704058771,0.04225207547965957,0.04266663349051587,0.043067763058051614,0.0434688926255882,0.043878802329141285,0.04429232738281936,0.04470172060778371,0.04511524566146148,0.045521540014889755,0.045946427597532,0.04637028222299505,0.04678948854115487,0.047203530073422525,0.04762738469888542,0.04805175580293751,0.04847147859968726,0.048889651960668586,0.04931402306472074,0.04974304247607683,0.0501658641443612,0.05059126820559177,0.051007892130806094,0.05143381267062618,0.05186283208198163,0.052283071357320354,0.05270382711124772,0.05311941807928298,0.05354430566192491,0.05397229211610196,0.054390981955673004,0.054819484888439074,0.0552407571209558,0.055669260053722795,0.05609518059354281,0.056512320997345496,0.0569408239301124,0.05737294221300328
intuse,0.43459999999999294,0.44138847304782036,0.4476926410460236,0.4539778166893267,0.46050039676872706,0.46733635070376384,0.47426726641324907,0.4817679527693531,0.489135692641244,0.49660789046501463,0.5040326074015692,0.5114383319832339,0.5191574304205447,0.5265631550022107,0.5340638413583123,0.541706970376072,0.5496254885396984,0.5576484646552078,0.5655005095767281,0.5734760048050166,0.5811951032423285,0.5890661405187337,0.5969656663274763,0.6048461997813273,0.6129356491389392,0.6207971902379057,0.6287252045789752,0.6366437227426032,0.6445527447287834,0.6527181635059485,0.6607506357989037,0.6690205125279458,0.6771859313051101,0.6853133653724988,0.6933458376654492,0.7015397449749445,0.709600705800229,0.7177946131097221,0.725874566289891,0.7338975424054007,0.7421579229570046,0.7503898149762728,0.7584602719790015,0.766663675465938,0.7748101018882136,0.7829945130202618,0.7911884203297592,0.7994393047039141,0.807604723481078,0.8158651040326796
mobuse,0.11203846153846092,0.11454543870449443,0.11677099882817371,0.11910250419132944,0.12148698217422067,0.12383504148104288,0.12611688501319235,0.12855102482708783,0.1308560438803731,0.13315444135619156,0.13546608198694376,0.1376817097444214,0.13987747276949863,0.14215269472418157,0.14437825484786015,0.14665347680254368,0.14894194191216015,0.15126020412038008,0.1534758318778589,0.15575436462127548,0.15799647868862232,0.16020879565736704,0.16246746366838222,0.16467646984839304,0.16690202997207246,0.16914745482815302,0.17141936599410246,0.17353898087830658,0.1758108920442559,0.17800003349186522,0.18025539071414626,0.182480950837826,0.18465022755303376,0.18689234162038043,0.1890781722792569,0.1912938000367351,0.19335382072373392,0.1955462729600781,0.19777183308375632,0.19999739320743526,0.20228916910578665,0.2045279723844,0.2067800188179471,0.20900888973036066,0.21121458512163743,0.2133441323720424,0.21552665224218542,0.21771910447852816,0.21985196251766675,0.2220609686976779
patents,0.0010312500000000174,0.0010387785517554271,0.0010478644447723595,0.0010565759769091334,0.0010653623812219466,0.0010739391434418518,0.0010826357011434126,0.0010916167731138961,0.0011003582541210838,0.0011091596328690902,0.0011179310627466835,0.001126762390365113,0.001135653615724357,0.001144544841083606,0.0011537655040174074,0.00116286637146955,0.0011718923667456593,0.0011807686176697016,0.0011893304054544026,0.001197967065415138,0.0012067834185983523,0.0012152254109014007,0.0012240717129550257,0.0012329779127494872,0.001241869138108734,0.0012506854912919488,0.0012594569211695475,0.0012687075329737578,0.001277434039545735,0.0012866996257851517,0.0012955459278387817,0.0013042874088459622,0.0013132535063812465,0.0013220998084348778,0.0013313204713686735,0.0013403614410799937,0.0013494922574025495,0.001358847690253211,0.001367948557705357,0.0013769595785462602,0.00138579090616468,0.0013948618247464123,0.0014039027944577303,0.0014128988408634278,0.0014218799128339187,0.001430905908110025,0.0014398720056453109,0.0014494370805888668,0.0014583283059481152,0.001467638815493156
rdex,0.08499999999999884,0.08507279374025893,0.08550425014459466,0.08598682236803784,0.08648302547657663,0.08696304190906477,0.08747287590269961,0.08797759831442375,0.08847209756232546,0.08898704313787079,0.08950454450437106,0.09000841498577673,0.09051995284004835,0.09104086192782321,0.09156603066719039,0.09205286254222658,0.09254225020821805,0.0930350455954833,0.09352954484338555,0.0940376749763829,0.09455943599447612,0.09507097384874773,0.09557995591206367,0.09610427272111251,0.09659621617805923,0.09712223684774494,0.09763036698074258,0.09813168167119264,0.09864662724673816,0.09914879386750632,0.09963732960317943,0.10015057131808784,0.10064847828726411,0.1011523487686692,0.10166729434421476,0.10217968412880493,0.10272103954422296,0.10324024477136101,0.10375774613786175,0.10427183978308897,0.10479445273150031,0.10530002707354272,0.10581156492781436,0.10632225085176727,0.10681249044807725,0.10730784162629779,0.10779126578005994,0.10825679939713416,0.1087376677599407,0.10919297821319325
rdres,0.04084999999999948,0.04074177149755203,0.04049076212104869,0.04026769917896894,0.04003650636505582,0.03980887037007008,0.03958275872605307,0.0393485172102036,0.03912951920403951,0.03891509425078156,0.03868339331987959,0.03845829790984139,0.038238791786688084,0.03800607462180706,0.03778047109477943,0.03756147308861555,0.037343999433420254,0.037113314736497434,0.036883646273553415,0.03666718885233729,0.03644615837821536,0.03622360355312473,0.035991902622223015,0.03577087214810092,0.035542728036125515,0.03532322191297237,0.03509202909905986,0.03487455544386453,0.034654033086732317,0.03444164060143209,0.03423432928602736,0.034020412449758695,0.0338024306775738,0.03358190832044153,0.033376629472994766,0.033140863606176546,0.03291881689807568,0.03269372148803743,0.03248691828962217,0.032271477102385066,0.032053495330200105,0.03184211907887929,0.031632775295516294,0.03140412306655145,0.031192746815230588,0.030976797511003726,0.03076542125968274,0.030555061242340885,0.03034571745897786,0.03012824380378271
womensci,0.5792363636363682,0.579378311789808,0.5794805378262129,0.5796084664089417,0.5797363949916602,0.5798654918719425,0.5799788167351734,0.5800938940447342,0.580213644544541,0.5803240486638679,0.5804344527831918,0.58054368860496,0.5806575976169668,0.5807767639679894,0.5808848314921984,0.5810010770993232,0.5811149861113285,0.5812253902306568,0.5813381309451041,0.581444446022971,0.5815530976959601,0.5816553237323695,0.5817581339175562,0.5818597758051836,0.5819678433293916,0.582074158407257,0.5821804734851243,0.5822786104800739,0.5823866780042797,0.5824935772309263,0.5826074862429327,0.5827178903622598,0.5828242054401261,0.5829258473277549,0.5830315782568407,0.5831355567395886,0.5832325254369769,0.5833405929611843,0.5834498287829522,0.583540955992541,0.5836443503265083,0.5837553385946164,0.583861653672483,0.5839796517259513,0.584087719250159,0.584210974642644,0.5843050225961314,0.584413674269118,0.5845264149835654,0.5846263044248529
adjgini,0.27701791313203145,0.27947022358503665,0.2811833736942743,0.28297248494555893,0.2848141846797996,0.286647119666881,0.28846544674203334,0.29030714647628075,0.29216053254006735,0.29398762436237547,0.29589359890911715,0.29777620079676737,0.2996821753435093,0.30157646356070617,0.30352041867847135,0.30551404069680543,0.3073966425844555,0.30923542073630916,0.3110479046466849,0.3129480360286533,0.3148481674106217,0.3168038088579323,0.3186250575154675,0.3205719342156189,0.3224749871799745,0.32438096172671627,0.32633660317402746,0.3282192050616779,0.3300813558726242,0.3320223894080037,0.33397218769054376,0.3359190643906961,0.3378104310255071,0.33974854297850055,0.3416632822724016,0.3435984726430077,0.3454956824425901,0.34750099079047003,0.34939820059005283,0.35134215570781846,0.3533328561437671,0.35535569398596684,0.3573025706861193,0.35922023156240923,0.36122846149267734,0.3631694950280589,0.36520401919980366,0.3671713469766611,0.36922924380749755,0.37125208164969653
pipedwat,0.9641400000000148,0.9652136379617888,0.9661126014146912,0.9669486190986144,0.9678255515323526,0.9687371041390331,0.9696990133609082,0.9706766590250209,0.9716857775736153,0.9727137798529045,0.9737370611995269,0.9747587689019338,0.975837127796405,0.9769186339793287,0.9780001401622558,0.979083219989407,0.980145842441637,0.9811628292113659,0.9821955524233362,0.9831920818181382,0.9841697274822498,0.9851284894156738,0.9860872513490904,0.9870853543881191,0.9880173643697236,0.9889462270628798,0.989895547130948,0.9908212625356497,0.9917596321962948,0.9926269368257933,0.9934493835747573,0.9941298079405353,0.9947561194156341,0.9953291959639299,0.9958864517367467,0.9963704783218204,0.9967421298732804,0.9971122349126699,0.9974437271332591,0.997730284369063,0.9979880184960207,0.9982505691458429,0.998425483886937,0.9985780157161865,0.9987246577258753,0.9988657558951571,0.9990071119417581,0.9991056426717614,0.9991850065359018,0.9992614286100576
pm25,0.7734272727272754,0.7735791840143671,0.773827357365014,0.774036038586997,0.7742545928411678,0.7744953614176718,0.7747435347683245,0.7749949991296684,0.7752489317490586,0.7754831183041326,0.7757444556976401,0.7760016793277552,0.7762679532373477,0.7765087218138599,0.7767758184761262,0.7770338648589137,0.7772976705104643,0.7775631216673782,0.7778244590608886,0.7780874419597541,0.7783561841273807,0.7786273945530467,0.7789117690215998,0.7791673471463471,0.7794434940880917,0.779713881761077,0.7799669916277886,0.7802233925052254,0.7805061214684093,0.7807789773994342,0.7810518333304585,0.7813164617346879,0.7815884949130386,0.781858882586027,0.7821300930116935,0.7824103537168356,0.7827062467228967,0.782978279901245,0.7832503130795933,0.7835429150749357,0.7838264667907983,0.7841289418182953,0.784398506738606,0.7846828812071525,0.7849713694390964,0.785265616939794,0.7855516369136967,0.7858475299197597,0.786138486409746,0.7864138105988105
transport,0.6100000000000106,0.6097285963997083,0.6094436372217161,0.6091413829962479,0.6088419333730799,0.6085359396779051,0.608233218018728,0.6079435845035714,0.6076474069164024,0.6073657197743972,0.6070672050186601,0.6067766366360696,0.6064926123254887,0.6062123274846234,0.6059175521986043,0.6056302558520185,0.6053476338425852,0.6050631420982876,0.6047856618597147,0.6044964957782689,0.6042152760699775,0.6039359260965443,0.6036462925813847,0.6033748889811041,0.6030969413088175,0.6028147867330956,0.6025321647236581,0.6022630982919503,0.6019790739813703,0.6016964519719324,0.6014128950950653,0.6011363497239216,0.600849053377339,0.6005626918981842,0.600291755731616,0.6000086662884644,0.5997339906521795,0.599461652184468,0.5991893137167583,0.5989066917073222,0.598631548637323,0.5983545358324649,0.5980934157739077,0.5978206098724819,0.59755014113963,0.597271258599912,0.5969937783613399,0.5967139609541898,0.5964406876190508,0.5961627399467622
co2gcp,0.9410714285714071,0.9410448784285026,0.941012201517065,0.940976852291724,0.9409420896718902,0.940906805624945,0.9408719126483195,0.9408346080713421,0.9407999106298861,0.9407633881935694,0.9407278434330724,0.9406929504564525,0.9406591655124288,0.9406234903951538,0.9405871634940008,0.94055090177123,0.9405171168272088,0.9404818979586511,0.9404480478362419,0.9404147191409398,0.9403805431265907,0.9403457153283591,0.9403084107513778,0.9402758641967331,0.9402414274688322,0.9402083594870823,0.9401745745430605,0.9401390297825585,0.9401034198436745,0.9400693741860997,0.9400356544204671,0.9400005659086847,0.9399669764998286,0.9399320835232126,0.9398967994762633,0.9398628841754667,0.9398262313823693,0.9397924464383475,0.9397578141752853,0.9397256586909665,0.9396890058978673,0.9396556120241736,0.9396218270801556,0.9395887590984017,0.9395543223705045,0.9395186472532278,0.9394842105253225,0.9394496434406476,0.939417422777941,0.9393843547961896
co2import,0.9933428571428355,0.9933251615466729,0.9933056517481907,0.9932852650852663,0.9932646970020911,0.9932443405758713,0.9932255564582944,0.9932061676066413,0.9931866578081463,0.993166906116029,0.9931476684478803,0.9931282191228136,0.99310931405842,0.9930899554434688,0.993071141089194,0.9930518127109463,0.9930331495401944,0.9930155144174322,0.9929970629036178,0.9929780368924175,0.9929586480407478,0.992940166290236,0.992921503119495,0.992902356161465,0.9928836627540231,0.9928648786364516,0.9928466992529968,0.9928290338935142,0.9928120035048555,0.992793824121384,0.9927759168682772,0.99275752582787,0.9927387114736114,0.9927211670609478,0.9927036226483024,0.9926850501876647,0.9926674755383128,0.9926504451496379,0.9926318424523136,0.9926142678029451,0.9925965722067726,0.9925789370839955,0.9925609693574754,0.9925421247664952,0.992523824436217,0.9925052822122915,0.992488009929985,0.9924703445705072,0.9924541608095825,0.9924369490006834
cleanwat,0.6561000000000022,0.6564322335869007,0.6566875943264173,0.6569499789809062,0.6572186071153903,0.6574833330748909,0.6577628872993591,0.6580486850038265,0.6583251174883037,0.6586035010602785,0.6588916400697414,0.6591879736466872,0.6594761126561525,0.6597841527580851,0.6600800961175342,0.6603740883894902,0.6606735437064322,0.660962072933396,0.6612529434653545,0.6615360096473216,0.6618237584392865,0.6621138485362444,0.6624054995032003,0.6626920776426629,0.6629790459996249,0.6632722578365831,0.6635541533660523,0.6638430728105111,0.6641347237774703,0.6644252040919273,0.6647149039713879,0.6650026527633482,0.6652794754653252,0.6655648829522927,0.6658499002217568,0.6661419414062123,0.6664316412856705,0.6667158781201405,0.6669989443021073,0.6672941072265604,0.6675810755835228,0.6678625808954946,0.6681503296874561,0.668433786086924,0.6687160718338936,0.6690026499733563,0.6692915694178176,0.6695820497322766,0.669870188741739,0.6701591081861977
cpma,0.5796299999999998,0.5834961996611426,0.5886266163901339,0.5936552169794551,0.5986244248206123,0.603568178626842,0.6087155647124592,0.6136084104488495,0.6185436795767751,0.6236825809840876,0.6286348194686291,0.6339264450854879,0.6388956529266415,0.6438054680196433,0.6489443694269609,0.6540663014776563,0.6592900496680495,0.6644374357536682,0.669457551664675,0.6746473611418348,0.679463844773451,0.6843651751881451,0.6895040765954613,0.6944817691149208,0.6994340075994656,0.7043777614056941,0.7094657547431644,0.7146216255070907,0.719735072879482,0.7248739742867962,0.7299619676242654,0.7351008690315761,0.7403755252918198,0.7455229113774351,0.7509502918472205,0.7559194996883727,0.7611008244872282,0.766256695251161,0.7711665103441595,0.7765090440308625,0.7817582462561793,0.7868377549153396,0.7923160434549675,0.7973616134008975,0.8026447543394396,0.8077751710684494,0.8128801337625287,0.8179511577433811,0.8230730897940773,0.8283986541241654
fishstocks,0.6675599999999893,0.6656244344634216,0.6624251372033614,0.6594293622807789,0.656443053513448,0.6534851432117917,0.6506171613848529,0.6478391080326209,0.6449663931280601,0.6422404036296057,0.6395144141311457,0.6367931577103012,0.6340387697461495,0.6314831710418679,0.6288755084838056,0.6263861728661507,0.6237453787647801,0.6212323777590446,0.6186720459771486,0.6161779772818763,0.6136981078194534,0.6111851068137175,0.6086721058079786,0.606182770190321,0.6036461037965042,0.6011851666445462,0.5985727710088721,0.5961071007792983,0.5934757728331598,0.5910290349140489,0.5885444323740096,0.585960435204028,0.5834569003535248,0.5808587039506988,0.5785539583600694,0.5760740888976458,0.5736652155994635,0.571303673077442,0.56888060054641,0.5666137195767067,0.5643563047622359,0.5620184276282938,0.5597184151152801,0.5573095418170995,0.5549669316055408,0.552657452937295,0.5502722450271922,0.5479107025051686,0.5455728253712248,0.5432822790134424
trawl,0.7667500000000017,0.7671066608186513,0.7673056629056978,0.7675029757920689,0.7677205590867912,0.7679319486456013,0.7681692392817664,0.7684110344531238,0.7686477620223686,0.7688844895916345,0.7691352938333669,0.7693849719412803,0.7696430960526884,0.7699119184351746,0.770175110148656,0.7704467478656233,0.770715570248111,0.7709883340988692,0.7712684178193119,0.7715383663355955,0.7718263329926149,0.7721137365827382,0.7724039555073665,0.7727037465692559,0.7730080421663363,0.7732999502916574,0.7736048089556359,0.7739040369506296,0.7741914405407616,0.7744816594653815,0.774792148798343,0.7751054534658058,0.7754097490628901,0.7757179861282567,0.776012146521169,0.7763192574527465,0.7766184854477397,0.7769255963793148,0.7772310181101971,0.7775381290417707,0.777860442779606,0.7781737474470661,0.7784983134524945,0.7788161226551394,0.779133931857789,0.7794601870639131,0.7797689871961827,0.7800817287967445,0.780418682273941,0.7807404329448768
cpfa,0.29632,0.3016153641916434,0.30553135428293665,0.3089462656194139,0.3123048759722047,0.3157028970135745,0.3192191501206904,0.3226678420473767,0.32617283495775323,0.3298016900322457,0.33339676451652217,0.33708192057470077,0.3407895970263541,0.3443846715106319,0.3480247867818564,0.3516761622498199,0.35535568820963,0.35900706367759533,0.3628160818998864,0.3665800593352261,0.3702933658852483,0.3738208791891011,0.3774666245586963,0.3812531223875083,0.3849157580522111,0.3887022558810264,0.39250001390657924,0.3963034020305011,0.4002644329087472,0.40414101231146154,0.40801759171417545,0.4117196380674586,0.4154892456011677,0.41923070264303286,0.4230735014555359,0.42696697115335697,0.4307928796707531,0.434573747401199,0.4383546151316437,0.4422368246327268,0.44608525354359824,0.449944942651207,0.4538384123490291,0.45770936165337506,0.46152964007240305,0.465501931147386,0.4693841406484679,0.47314248798543884,0.4771767101424786,0.48102513905335054
cpta,0.3507599999999965,0.3542971332658652,0.35698116152615095,0.35965968588318786,0.3624703039184905,0.3653359609864267,0.3682896805065347,0.37138650151146413,0.3744172756772368,0.3775636318115215,0.38075401917188945,0.38384533627355544,0.38696417289152,0.390149056348635,0.39332293199921525,0.3965133193595923,0.39970370671995764,0.4029821565325225,0.40614502437658395,0.4093849468663124,0.4126633966788722,0.4157822332968444,0.4190056440767825,0.4221960314371576,0.42538091489426333,0.42871990764270557,0.43201486916504633,0.4353318463004418,0.43870386246845205,0.4419823122810136,0.44529378551314047,0.44861626655179704,0.45189471636435324,0.4552612286291035,0.45849564721556607,0.46174657751181947,0.46506355464721266,0.46830347713693893,0.47158743085276084,0.47477781821313375,0.4780507641224297,0.4813842529676081,0.48462967936059526,0.487952160399251,0.4911590594694094,0.49445952489501416,0.4977930137401928,0.501087975262537,0.5044049523979287,0.507776968565938
redlist,0.6909999999999992,0.6903866797285554,0.6897434270024373,0.6890827136777674,0.6884120228682145,0.687758792657228,0.6871005737037821,0.6864598153489085,0.6857891245393536,0.6851458718132473,0.6845001247159085,0.6838618607322311,0.6832211023773397,0.6825703665375585,0.6819271138114589,0.6812763779716777,0.6806231477606922,0.6799774006633545,0.6793191817099133,0.6787033670672359,0.6780626087123443,0.6774093785013431,0.6767611370327893,0.6761203786779045,0.6755195302625518,0.6748837606501158,0.6742903953484292,0.6736496369935412,0.672993912411317,0.6723331990866582,0.6716949351029861,0.6710591654905431,0.6704134183932093,0.6697926150080993,0.6691343960546536,0.6685135926695328,0.6679052611405227,0.6672969296115063,0.6666861037112801,0.6660503340988285,0.6654145644863889,0.6647812892451592,0.6641554971175997,0.6635047612778242,0.6629014184912512,0.6622681432500283,0.661622396152694,0.6609916152826927,0.6603882724961224,0.6597749522246734
homicides,0.8235545454545325,0.8218953179535047,0.8201729130807597,0.8183773554618657,0.8167779802076897,0.8150522502101247,0.8133431458366958,0.8115608887170975,0.8098916858415758,0.808175931218492,0.8064967529684935,0.8048441757171004,0.8031250959691928,0.8014991197164077,0.7998897690877499,0.7983369455811281,0.7967807969496841,0.7951381950727657,0.7935155439448055,0.7919261440651006,0.7903932713074379,0.7889900784179751,0.7875070825326971,0.7859775348998577,0.7845178148883571,0.7830215185037755,0.7814986211205852,0.7800056498608314,0.7785326293500288,0.7770529585895749,0.7755865883284265,0.7740803165693653,0.7725507689365269,0.7710012705547309,0.769485023421192,0.7680485792834769,0.7666088100209307,0.7652222427555998,0.7637458971199724,0.7622396253609148,0.7607732550997623,0.7594132888330368,0.7579735195704931,0.7565703266810295,0.7550939810454048,0.7538005172751913,0.7524206002595134,0.7511005354906949,0.7496807169771081,0.7482908245869481
prison,0.7971653846153754,0.7971916659412625,0.7975381566196978,0.7979333252044887,0.7983132819435416,0.7987076899360447,0.7990967737825463,0.7994805334830243,0.7998688567372378,0.8002754342063133,0.8006637574605269,0.8010634895990277,0.8014609399606722,0.8018462208457398,0.8022170504773549,0.8026091766929987,0.8029891334320517,0.8033888655705568,0.803769582901902,0.8041586667483948,0.8045340599337366,0.8049109743036451,0.8052802827506922,0.8056610000820374,0.8060485627439573,0.8064285194830172,0.8067864190457604,0.8071633334156757,0.8075273177167183,0.8078844566871819,0.8082651740185283,0.808632200688711,0.8089969455820423,0.8093761417288106,0.8097538166910109,0.8101314916532061,0.8105312237917114,0.8108655449935823,0.8112394169943482,0.8116041618876779,0.8119932457341694,0.8123770054346572,0.812748595658566,0.8131194252901855,0.8134856913680885,0.813858042184279,0.8142326747773297,0.8146255615852589,0.814991827663159,0.8153717844022156
rsf,0.5496000000000022,0.5499517763626331,0.5508610850735859,0.5513754750378196,0.5518898650020483,0.552361112582182,0.5527958550680697,0.5531808178800085,0.5535359128875635,0.5539042824748358,0.5542992012215671,0.5546410216494015,0.5550193471714766,0.5554142659182001,0.5557693609257608,0.556127774578247,0.5564563204263594,0.5567749103396803,0.5571598731516128,0.5574651884852153,0.557856788587008,0.558191971724983,0.5585138802832362,0.5588457447762765,0.5591278295953616,0.5594995178275728,0.5598081518061043,0.5601632468136614,0.5605183418212178,0.5608601622490564,0.5611322911333464,0.561530528525005,0.5619121726920048,0.5623004541488704,0.5626422745767058,0.5629641831349562,0.5632661798236274,0.5635847697369459,0.5639498206792974,0.5643381021361608,0.5646998344335828,0.5649918751874562,0.5653204210355676,0.5656954279127129,0.5660173364709626,0.5663591568987996,0.5667607129353853,0.5671523130371816,0.5675074080447382,0.5679122827262563
govex,0.23555172413793313,0.23595092525317102,0.2369132670983428,0.23816907664784723,0.239488338673964,0.24077587446177598,0.24209513648789377,0.2434276177799727,0.24477331833801336,0.2460952242173249,0.24749115798601787,0.2488791601951326,0.2502433677255196,0.2515969998431361,0.2529347688415988,0.254267250133677,0.2555891560129864,0.2568528971220682,0.25814307676307113,0.25934865310192534,0.2605621610003553,0.261736011100904,0.26298917679721767,0.2642820002914143,0.2654902204834599,0.2667143037946601,0.26798862031651055,0.26925500527878593,0.27052139024105937,0.2717613366714127,0.27296955686345853,0.27411168072570075,0.2752828869730565,0.27644087395445144,0.27765438185288216,0.2788361635130065,0.28015278168593344,0.2813821527035161,0.28263796225302296,0.28389905950891114,0.2851125674073431,0.2863657331036557,0.2875845287084717,0.2888165435792471,0.290008900652141,0.2912699979080302,0.2925152320447679,0.29364149278785606,0.29483120600755713,0.2960209192272587
govrev,0.053728571428571556,0.05406965712067571,0.05441737445868293,0.054773381354072434,0.055133809346731025,0.055500316348135396,0.055864060163746926,0.05623996199684922,0.056613653281317775,0.056981818194198515,0.05735550947866709,0.05772477966586491,0.05811283951645968,0.05849868881842009,0.05888951185480841,0.05927038742234024,0.05964573661828429,0.060024954274339196,0.06041025093914094,0.060779521126338866,0.06116923888841039,0.061550667093100093,0.06193099002347334,0.062326234157131406,0.06270379390171017,0.06309572221241656,0.06346333448813855,0.06383757840976571,0.06423116463194763,0.06460817173936846,0.06499844213859779,0.06538981781214467,0.06577345656547029,0.06615820059311257,0.06654626044370782,0.06693432029430232,0.06732403805637338,0.06771983482719042,0.06811452632368963,0.06851087573166575,0.06890667250248268,0.06929970608750641,0.06968445011514862,0.07007637842585404,0.07046830673656053,0.07085249812704424,0.07123945270332191,0.07163414419982134,0.07202220405041657,0.07241026390101106
