countryCode,2000,2001,2002,2003,2004,2005,2006,2007,2008,2009,2010,2011,2012,2013,2014,2015,2016,2017,2018,2019,2020
AGO,6637.242825958409,3070.5964909996583,1300.998961929093,863.4170180863869,541.2560754665654,645.119979174015,720.4056538695806,840.002346213342,995.4857679002276,1082.9923679625986,805.7296163901239,841.6703471586321,848.4322191875443,1030.0926542450968,851.0942674216778,621.3157160814633,362.62260052957726,321.96972834206804,162.23837149302688,103.318821415737,52.35646632591083
ALB,158.5900256658462,188.70872236507256,215.56029754078295,259.60824376033173,326.71402991392745,350.967013269537,363.8867564835485,420.3868583024263,487.5600963352612,481.166650220964,461.8464228289132,483.04890223411655,453.753876194062,478.717747531968,508.2695032547291,422.95016408777286,450.341963735157,497.55058929367726,561.1920462652563,575.2544801487941,593.69902161295
ARE,7170.703868204714,6828.167316975945,6796.074635268469,6659.080054625937,5971.428243349807,4997.349970179274,4175.3773333072095,3602.756055913664,3505.8672059495884,4172.13117907213,3847.462122269857,3901.1691131618095,3899.926575910271,4596.680945405655,4762.252013372985,5660.7873060699285,5818.424472360257,6198.865112307135,5527.642816330593,6224.08165864774,5954.20206724634
ARG,5500.803856970778,5341.5700568818975,1272.2472929716955,1390.320951248945,1457.584094750522,1724.149862609525,1797.4801733268732,2000.5295643166016,2122.465170162877,1956.632374289435,1943.0924439523897,2012.9740141610264,1779.4431066576944,1450.227413960485,983.7794240103684,928.2233921375924,595.4902581088625,541.5390556863535,285.1701729104099,155.39477101693427,97.11641503185268
ARM,109.42309151524556,112.32654337382682,109.74418166226025,127.5272111811826,153.29894149507018,212.5844495721768,254.58005321902905,360.20519610108227,434.0989267218246,413.36288921807886,404.2078807920501,419.9339769277656,381.304152081764,420.67919179181246,432.44095933442657,419.45305047128784,427.4191731454575,417.5224862552068,408.378246026526,478.6650008634903,557.4678138984128
ATG,2293.29190038918,2426.2789935777096,2731.0180224251526,2407.667382594532,2486.500081646021,2346.171647451811,2375.646372769244,2606.825479021546,2974.9889311177617,2834.754005913921,2354.523079984862,2236.331569664903,2287.3266913712578,2193.6527372105206,2191.286521936916,2189.1723194235024,2213.305499423731,2302.2985676582416,2321.725015909901,2390.749998080901,2434.31556068645
AZE,278.3556238887256,262.34577222400105,247.57960707636903,267.0574886195652,300.4691659192813,319.4927797833158,368.56216608083656,538.7216401851528,541.1407212949505,783.0118713574668,794.2440953019326,730.2831428989991,769.8048984848314,786.8580764899351,845.665440010507,736.5278021414647,468.5780275854096,380.2697995635626,356.86308314116974,384.8727217612219,522.6952259423709
BDI,63.01839107365484,57.04825328188199,49.07648420915854,47.92760052432338,52.7088720776839,38.44136229146685,44.463006850767584,52.9018458120295,52.06575923853024,49.16373346759477,55.588239068055486,57.1533570035367,51.44663440918,51.4430618357499,54.789520506732416,43.45560721884799,41.61731382925368,41.43618967738686,41.33182037728013,41.55744667017094,43.91286855612306
BEN,55.46296423989676,54.982537281160376,56.757712782091566,77.25488635013292,85.90277984450428,86.59441816527396,94.87935168963013,105.58713865893084,123.58423801666986,128.61699518203588,120.55330488816335,124.59613938287538,118.32489983754868,126.51714305589894,120.68689790218764,111.8482689710254,101.05800022681754,108.0746645516633,116.52784966909122,114.13580009416437,129.45693044693863
BFA,51.353848948987896,53.483454453880725,57.11343788991947,66.6309833468604,77.8970400849431,79.62988475509766,90.74455018300242,110.58105194091306,107.070903041922,105.23048612836092,99.97197341501538,107.31723966918857,102.10329526302662,111.42931668250029,119.20066418312835,103.50540949760584,110.02327926217464,124.50352903690596,129.31281845249282,140.9516755997249,141.89713084558554
BGD,38.72119702150831,36.27202751287142,36.017729630123625,37.549924641614936,38.58718185813748,38.81503898095212,39.28444006973899,39.80288992748592,40.57001585364305,41.33963401525693,42.76205425142953,43.92786679138413,41.14405991452524,43.33245638637361,48.75235615959714,52.02326244884701,59.66569429057231,63.73659902644435,69.48903125639806,71.71605453838525,70.1455373644994
BGR,593.6600150883912,591.3580541035399,657.9232669516532,876.5087321430913,995.728499413726,1008.5162869323,1094.9122664062425,1179.8948416591832,1384.5461405871567,1248.619215700182,1193.5120486884302,1239.005614424968,1151.5408874972554,1296.9487720761483,1308.9297558978242,1093.0996383993015,1104.6245636758986,1173.6900588099231,1342.631906649382,1357.945821638132,1545.3636637182362
BHR,4083.06280942535,4245.849360923769,4262.200244189453,4191.626102425685,3751.663498863982,3403.8284084392785,3040.232068072518,2899.5492803482584,2672.1632230087835,3189.984804393825,2939.689404568136,3115.05426771819,3545.881600554863,3721.372145530737,3962.931422380393,4338.159147097304,4182.235679528233,4044.44917567517,3852.80107686437,3621.448327555586,3715.021107260848
BHS,2896.5378304451,3051.894419258328,3045.5197702336936,3014.131404096572,3078.63815467512,3039.946311783673,3210.974159868129,3152.016351227253,3347.782282582543,3573.2725351385334,3529.7832481718165,3853.352355367189,3736.979950810281,3499.89516155026,3320.0690278769835,3375.285297346519,3183.346204653268,3541.795451930119,3464.1360357056096,4069.106358790774,3356.803751568571
BIH,540.2839441194051,544.4038347472188,589.9890981707921,728.8444485460597,759.639438542413,823.6397788862607,846.2052874315518,987.419682429388,1169.8568855743808,1148.9801571748776,1098.137020158684,1175.8704209293862,1107.7338204506111,1164.64610079508,1199.506461668432,1009.9826429570236,1002.7997426406516,1030.20906853234,1100.308661328634,1062.6559777770617,1116.9202172371831
BLR,3930.1825829392974,2363.598719418777,1892.7735100747125,1811.085073263245,1859.039883327799,2069.2202356663765,2122.201871262745,2230.102106692795,2209.169809034849,1652.7983693963542,1664.50206095375,882.1166528214112,539.8840850794635,506.44437699891085,457.87351661019255,306.4292895686814,250.64180187194972,264.47551629017823,260.07283053649314,274.89660285902846,234.5775448848077
BLZ,519.0442736555539,536.4741016871943,599.2233309650422,651.3493289866186,634.4455006212886,655.1965791090554,653.1684305986539,684.7056464471394,704.7386275408202,713.7933305526917,719.0508627353732,694.5410648496378,683.5454822614694,680.7395497646488,683.755056728131,708.0716867061201,739.9840747837616,729.1904198667743,785.5190565797342,814.8200878364252,621.912655365282
BOL,302.788645577441,305.7555476835288,287.76934661239625,281.0405133707931,273.06174848028184,270.7618810407799,252.2460152108733,259.1108726749246,277.02758907691606,321.65500303383584,309.95807623928306,323.2573470557112,327.50449066123946,354.59317632479707,391.2484215318108,480.7010421299585,492.7891223786252,493.41907698503456,522.0108292929327,544.7062191733881,495.8836641779887
BRA,1720.8315310987628,1379.6553791599586,1153.3254518511549,1056.6594894824243,1124.4235548634438,1409.931221373173,1635.3883065110997,1908.2825429299528,2096.8042452194645,1984.2459794255071,2324.8291955571767,2472.857907449269,2123.504542012389,2002.5487125770849,1853.7751207621552,1294.8674342614236,1219.7403199139644,1326.83753624246,1154.8947853041302,1086.6416118400948,808.4091740874047
BRB,2182.2115694716863,2159.233000318658,2305.410377533203,3101.6879776582964,2864.0348721361493,2802.8198464610127,2568.245868797431,2344.2568008102844,2405.8111732498955,2707.0483128960504,2563.809513189801,2545.7960966404817,2486.4903409720328,2378.180957073172,2299.7184313463717,2235.212805195535,2252.021819181877,2045.2090585166627,1973.8242527977088,1887.526833796731,1511.3641517874894
BRN,8816.3471092891,9725.597151192487,9160.47658199315,8423.901744042949,7859.692684894406,6584.402377633952,6966.6243440776025,9097.15201777755,7104.256296748863,9129.804251800551,9389.412786604422,8812.265040850454,8696.893809927342,9171.832343961374,9256.674459105176,9818.979484784031,9857.004853850747,9976.362733248576,9219.577523719572,9723.265494524529,9778.55065300199
BTN,280.6990847474684,277.67277832515833,280.76334769309926,306.312571825841,335.1724404859641,381.0356740823604,379.33733151169065,436.624270147116,427.15650567230057,457.6386816606867,501.5391145230658,526.8748599730437,456.6368737943636,379.8701417864176,372.34417507017696,392.6455447862321,378.95079366245386,393.3269128545717,388.5524103508226,420.5172086319653,346.7288326610593
BWA,1969.2283838188864,1595.7814429049838,1462.6288379694588,1890.893737457021,1877.289726872884,1669.3225397195358,1366.2129222022495,1420.281269245073,1536.5488597043209,1375.804807660125,1448.7422905392957,1408.1899085948871,1357.5254236860185,1307.3191135104212,1352.1094386381092,1197.473142060322,1007.5003159491334,1083.6507561654455,1109.87391172373,1127.0350280741352,1175.018449167097
CAF,49.7745292909096,42.49678970390262,44.750526481845725,37.25027719793552,42.88224627515258,35.471182882774926,28.953458325669175,30.093445877012748,35.76393365993661,36.96583625077304,38.79204972040365,39.43746103953599,58.18820787324664,60.66468565055108,54.13764423648468,44.59430481895493,44.99429127133308,46.26801562693091,49.92103156290201,27.15139951181969,31.359535394689583
CHL,1109.99557028474,966.4813350287592,915.9049650898944,901.6142631436802,1014.9452125957188,1115.8933854117215,1162.9077843980858,1265.4404996612934,1399.6476445448764,1424.2335093635336,1599.1700007122522,1743.8049898265913,1810.1916248480932,1889.6803041071687,1706.056169870517,1538.693186272133,1582.5879806668645,1686.616426157785,1779.9512805139293,1646.9406062295095,1479.530611824753
CHN,257.42163289978606,270.0881576600558,286.7854090963655,298.9053788848821,312.4892535676093,353.6872605811901,408.0176428835125,479.3961003011768,566.7551610122871,638.723192436738,701.0778127093388,836.0079067011957,949.0775253837204,1044.6829300922766,1120.961742398095,1207.307069781748,1213.696105713671,1266.783682270889,1392.833135402694,1427.1683504619227,1454.3280877402794
CIV,137.85245075778792,123.9720221999284,119.97810813421762,158.1223531251004,173.45776580000336,167.35400936387103,158.08054288377429,168.5781318462859,172.30784341529838,164.4571775277227,150.1438822062078,135.91893791182008,148.50291112668222,162.29167355078314,173.2131392759829,108.84626802009012,123.52727488057072,140.9278619261458,154.6500902373098,149.93087703909535,152.99547242074672
CMR,87.63898478273131,94.55386835722028,97.7604767381408,121.54533408696189,135.20927604568791,131.1901444121061,125.27634593918144,140.3155668817571,162.667323099965,160.25171349935226,150.4422286911492,170.1729220414587,161.19526826927972,172.44346197525184,175.28417723033937,152.09351872960946,152.70547418204995,144.399828548312,152.5919039256473,142.97564180965867,146.06106153688464
COG,234.1648836195065,279.0101951959492,390.1626078722068,432.3415736102891,411.8165413650947,359.064647124912,385.7279305156839,500.3885642532238,397.5289539381113,449.9078233636545,360.52002407830486,456.61082204329085,484.63196399734113,496.2684972707633,614.31817350929,582.7276588566746,574.639252109552,459.20836460478006,338.13921457078885,285.37398815236423,321.176892698706
COL,775.0197098364451,708.2600555822847,635.7541575694257,551.2965905535452,629.6288894315476,656.3895311599484,676.0251804487856,800.938505691097,826.649365462306,791.6869057459857,927.6364098621316,979.1906272148666,1046.9459188104163,1097.1972634056997,1070.6290269269668,827.0914796327017,734.0880670924845,776.1144402565058,811.2659666684045,760.9095098882617,700.3343213107729
COM,102.81111390671173,99.5362936738386,104.96530776784373,125.19151379817804,137.01616945024378,137.61139547536766,139.19290599443326,145.17097887750325,161.27606741591032,161.72938066435398,151.17153218915382,154.35043076142543,135.2170293655111,132.41384354364638,145.4782136772243,123.70070606412568,124.86770894158062,131.87095570599766,132.9232947971122,125.01472559056606,128.9330607952255
CPV,275.95938946166507,269.8644541429173,294.48984845331967,363.0409678879348,434.7066905543972,460.14458265606953,495.9152185694141,607.4712715532722,662.3726532157651,660.0498063244548,639.2444673926811,692.8535109736048,592.0415521868714,618.9710213446384,650.2044363601568,553.7028017521682,523.729834340095,569.260253948354,609.3390241175517,597.3681243291959,600.6553975591129
CRI,1511.7640033904836,1499.7362721778188,1432.7741043690855,1311.2316095611604,1184.287541196286,1075.6528830622556,1036.835223609136,1065.498696522558,1146.4249328577584,1194.4894520037926,1430.2151397691837,1565.549414115081,1615.143132462709,1680.1754178267868,1586.07599795088,1632.7224021647507,1627.527981638456,1576.7449005589,1552.418633507656,1606.240237779532,1610.5390502511025
CUB,1074.740836990732,1153.3994351260253,1287.6262130993327,1318.4353999200184,1463.9542607817357,1542.376038135458,1655.8757587893738,1952.8686770147076,2292.875023898297,2274.5842421776624,2077.9566496996927,2174.754426822677,2014.9068839966344,2099.9786502538104,2114.8305127180056,2191.5390934550032,2179.583053343741,2144.6569197012054,2136.6901984794545,2079.256977707458,2025.9422431634005
CYP,2139.963466328113,2230.482296103744,2502.2465521374907,3207.126615285976,3383.4257591921405,3457.005336698665,3673.109251457739,4028.4177664808526,4556.805262873174,4592.972126085612,4352.508995250872,4677.737885875088,4072.118248938285,3828.276214292252,3394.9369011447834,2829.592504991489,2779.327433574107,2892.9775485660884,3109.927859209817,3428.4441945785097,4015.422817192153
CZE,1433.5163149129614,1497.5947386262478,1905.2051057937704,2398.623470843216,2599.710678761568,2919.547182067419,3229.1754186327817,3621.137884993967,4393.537235680802,4029.287981687314,4073.545171853853,4300.942871639668,3784.70608056739,3835.0483369960734,3622.709806214505,3149.1702991646985,3252.760583402897,3530.700598039345,4042.134186817771,3976.531755692553,4093.437199106737
DJI,138.29083051605377,141.01968940759272,143.46824016761812,149.17234858311303,158.20860871188725,167.06300730720218,180.3354683258398,198.35811058061304,233.5666564898736,245.25385106698704,263.5090873787749,287.63320678940164,309.10519936165656,449.1845602602714,458.7675819133642,505.3879565054871,593.7510435280138,605.3640665621181,610.1970854652452,584.0429922785545,557.9400913848596
DOM,868.7568856482667,929.1346764954594,949.825210198205,479.28351712431385,298.3433252763951,475.3983186269464,505.9388371018042,562.4421887244207,603.4172872859914,614.7183869070561,595.9442068778609,551.258150263873,574.7766299620184,592.3652276190995,602.8918726064005,605.4442928525259,625.275932563459,665.9752740729509,671.832871661096,687.0936257531729,656.815795817782
DZA,564.7224268909064,608.6234283373727,644.5527367078711,671.3499874517499,690.5280854773563,589.6295868181944,584.6266909669785,646.8951832990205,793.0643148368956,860.7374836282828,912.5948036633058,1127.5844960786526,1057.367130622989,980.2602457703924,1002.3320379043988,899.6384818904579,810.8161117433424,719.9535608519876,615.2059871398072,587.0319958473691,594.1321687733194
ECU,362.1465986118815,373.5883586314175,397.6327871024199,437.5473499457047,472.9861914202066,482.256293008462,489.7725143348275,507.3425082052764,574.5342527755128,659.5238520343083,646.2517911692127,661.9812469065463,721.8451955105569,783.6798117934255,817.5405839557019,812.7267871239154,798.808903806792,801.4991481230683,805.5672320623005,776.0119479635403,716.9800426131177
EGY,400.9934702632487,377.90253547003937,352.1114892532069,307.20095243727826,266.80296684729115,280.2280878980223,296.5503688464139,289.80202143797976,304.3014072165201,325.3491154784906,329.83609988582884,319.68076015657937,302.150559140432,285.1499020753578,277.1360673407009,263.76344331868006,238.3127592126071,118.89538767255898,84.10692904543677,80.7946332438211,93.56432110821564
ERI,664.6180463823304,462.1909550227269,343.2982459212081,376.7643895155367,289.05455512959185,246.3244226631328,173.74150759309046,169.72547614989216,154.05338611451305,119.85369272290104,190.61853595568317,171.01638685801217,163.5208092933557,164.76520302786545,165.15606648321196,164.73934415676774,163.62118328237773,161.92266175665412,159.7117889091898,157.05033964031833,154.00320408189387
EST,1454.7624332644843,1433.237405611803,1577.9805926282556,2013.5819665700496,2317.987476865877,2476.886371501745,2595.207545206821,3077.0085946713675,3642.6303485380663,3348.887393314771,3124.900523334598,3301.0892437773978,3121.441561778506,3361.353562353063,3484.283217401946,3107.999171060107,3224.889033842959,3397.9522582455425,3677.704361149794,3689.372303095528,4013.025428600336
ETH,32.39353586878621,33.73396228500391,32.89978498335803,31.6813852254144,35.52762729032987,39.38036439151516,43.38212518771607,47.62369116870401,49.93075196677837,47.515408907324,41.79089160117452,36.57607448769731,29.037949969264933,31.93389138539765,33.72856856605212,33.50584796046064,41.97284294633162,42.0701952497638,34.6761502455898,30.56377590239192,28.05983104685548
FJI,565.4335440330947,543.6673484381328,564.9525114214398,650.1885649841753,701.7911874845986,729.8077865143276,839.7006092898196,819.6535422739714,752.8606575074365,648.5565530326429,598.4232841193075,757.2232505090697,830.2404215154628,854.17187594076,928.4660728518036,877.4825099635904,842.4066025946537,910.2976377087324,982.905871108184,911.2384591189478,730.1423156783886
GAB,763.2814818060779,1235.233988401152,1307.2703370305774,1535.6330398228274,1535.7535544592008,1282.501892264076,1301.711510965234,1499.4450463687572,1371.5914254161607,1635.1387605591424,1344.854080039013,1382.9603983821307,1418.6493960429657,1536.955801224998,1589.007561316675,1330.3646933968096,1298.832219659964,1170.4259655855735,960.2326788143954,960.0677618143532,1007.706417490184
GEO,127.80415705536,146.4281729989699,149.344653298719,141.41580591406432,236.61469244862144,346.1842468220118,323.5422566089486,536.2375201594809,727.9431393061881,600.9819589821551,495.8777510375602,508.1054273497055,549.8939135492611,584.5439539638394,587.4274906480135,472.8183489713551,500.8391683216875,448.8940494022643,444.9842959291735,417.6598958658332,391.8952880743263
GHA,289.7295600320569,213.79207911181004,200.12331234000305,219.36768495433503,229.82898385907723,296.58995512015133,176.32584069969278,169.0814478914176,163.26037652153036,108.4137699201315,104.63896851217612,213.6491873432464,162.11597938676076,144.451802823631,99.04428761163544,70.33313592101872,68.71675328546266,57.38391405028913,57.98395477142981,51.94069005899234,46.187893843296536
GIN,155.10976934723942,146.24371300107163,165.90987440983542,163.777335008047,123.51780542601222,77.18504442957152,48.58366106763878,67.2420301585293,54.97311109496622,85.00505331335646,92.117149771087,97.5504922201936,93.0778053595484,124.74843531252252,117.32776886312963,122.03061415481632,95.17472250351116,91.16844301281714,96.34537978394268,96.07328614395144,80.90886978663058
GMB,214.1507916894316,181.1654210208544,116.71912427235496,74.41301506951957,65.00459071844672,68.71425163771677,68.62413885069931,73.12903549487933,104.34439850016967,88.3679198156827,91.24620106319156,70.41447038444458,62.60912968396251,59.06132036586442,46.37766852291653,43.32284708785178,42.61393085792098,37.58166464245844,32.85954838327142,39.050463508823626,33.54059568472341
GNB,81.20176646490575,62.05044706469702,62.37128307035045,84.09366402364611,79.86084803412011,83.80904408516348,64.7850083404479,67.84116557025168,60.65021523243302,57.86917613962848,58.563421800670895,60.97488691585477,60.74542035069906,46.01850050832883,87.87840699444403,62.15626224865324,55.69577639418226,55.56065159929591,77.91142665152915,88.1983286311637,95.5459745128955
GNQ,75.31422372980377,132.60151806058474,183.73802133185075,275.3163012346464,455.680051238924,484.34545972807024,1334.5965180865203,1688.1050519538392,1765.2595169785325,2711.388003268728,2363.39749802438,2548.384994220415,2396.6968611270568,3028.2274400164765,3008.468758444158,3007.382397987952,3044.5104292648225,2638.650502844294,2476.775170390666,2278.923262033094,2480.2771349204118
GTM,195.3405709338592,281.56046743362464,275.726772432303,270.1454799579012,248.38888032522905,252.34494207176652,257.7178517069753,274.6200251126667,293.2316095007976,301.5220226785844,316.4015217395041,324.8191830080969,330.2844401162469,358.98909173643403,372.0741160472635,377.5957405326684,360.3631126747873,381.4417700413028,395.8957616088069,395.4654988109824,395.49048661523415
GUY,1024.8964741382276,1039.9023482147202,1060.4760305546563,1127.6569249400466,1085.6854177297291,1045.258009162319,1151.8497020840111,1235.8011489598446,1256.847963766845,1307.5090953620454,1357.5191847317367,1420.2748973172434,1481.8909712170223,1511.5212190009709,1509.2995674166602,1497.276338040288,1529.9037376081194,1560.3990044369584,1591.3939035633966,1639.1488977789943,2306.088373188428
HND,295.885930114535,310.8605653596323,301.72041508912696,290.2901506989265,288.46641710484056,298.6744015388667,299.58501274495256,344.16669680954294,361.6467202134964,377.6697489455907,368.0338425968317,335.4747025347096,335.4145687998667,335.0798320241959,301.4742416594892,274.50785479855125,265.8104989887998,254.78160413893556,254.99455251462655,251.6342462572035,249.48178175835528
HRV,1533.815720136097,1419.4599670880186,1568.208638674304,1890.3839678426543,2196.177168327293,2313.000103284081,2471.3230094307346,2954.1687992865777,3206.073711225092,3054.9335567964017,2899.6512021976514,3007.494875205461,2692.02518401765,2730.847333789095,2768.0677223775783,2297.7372145350887,2347.0382345475623,2495.543594962248,2728.2130292605198,2706.9959377995265,2840.1140599782
HTI,171.94119081984886,146.6618180625421,139.24658391367242,95.51499111479144,87.6756770806007,80.50627485847914,81.29065444550365,100.87209122801444,106.99077404919971,92.55478375686184,91.12407159513772,84.39211707834568,91.99129905710384,89.53214143773477,93.66020234613228,90.72118033388752,74.67673661611879,69.09873791778283,70.46074812385919,47.2051024490796,45.16064749152866
HUN,1667.0578837754088,1704.2025257482492,2061.9223857221205,2603.04570579962,2901.351890070753,3096.716528433418,3044.48152295322,3315.479947032004,3687.6544924998784,3028.2875539173106,2904.2037891373197,2954.4464871510168,2532.7612142866838,2572.174186573601,2621.224052152718,2237.9717229928256,2303.051364817647,2493.412607932432,2607.201717087644,2560.7921290032427,2406.4293219015826
IDN,162.42520785931117,143.74349982905915,172.03235127024098,216.25878424907168,220.1310421257633,206.0599422484468,241.80783033346995,246.0039491342354,244.81025521332683,268.5932519042538,302.19136045443616,330.01188322402373,329.32115996695984,316.70829860162485,286.5762995637666,272.0329469861376,277.5231844743081,274.37098209706465,265.2351268321552,270.740375005486,268.3601146536387
IND,107.09536668051852,104.0430872364199,100.64878012720656,108.13015842282762,112.3447558944308,120.67140099269923,118.79793858218729,142.4554652277958,135.36664175408075,151.7631864381253,162.48634255600405,161.62298509495176,142.92231498018097,130.21327703985662,138.75426793863724,138.22927450048326,142.82128320520067,164.02794870315248,159.73176696112924,168.8610793842314,163.9670774028413
IRN,1390.0373679638146,1357.1618570475766,957.1612145897536,972.8085336900712,939.0171411664232,989.1095906931172,1036.1103721606682,832.5943624672047,862.0644005595025,915.5940717465716,882.3653936490067,748.7724656339612,604.6460790072483,330.6516280170759,308.01488126678527,332.6890457342491,368.0580249851758,347.3196652848062,155.3816294735306,93.09578682260477,51.648363780841485
IRQ,829.2963808906297,987.9699442406146,992.3052908516833,358.64004424720736,1036.7549625883114,794.5951393006659,648.4103754474021,907.7261803519872,902.9914105181992,1180.042061540573,1098.6431571888122,1189.3325512835556,1104.158977663711,1203.2581453229748,1198.0837231482294,1257.0353677773826,1352.1761033222565,1125.8184006135682,1155.513123429601,1408.3739099713614,1160.3799626125815
ISR,6635.451977574318,6634.060342965567,6092.99696167994,6106.998728031312,6017.561533726629,6009.1813076035405,6165.568316705423,6633.888626037174,7613.485562329757,6821.371120349898,7363.713153758757,7851.077716462486,7421.925469366443,8116.466798395649,8341.775891047972,7651.894382259,7886.429498879714,8657.94527720574,8950.703454885348,9065.66488139039,9621.275804362638
JAM,1395.4415638271362,1339.8770689092062,1332.2146626125686,1110.89912570771,957.1503766089694,1040.7992791753627,986.4221547800818,1013.8868620369536,1035.9890189959542,832.9515710898453,802.2475953318939,807.8591610860567,795.7178039125714,669.3969858173955,568.0838617102163,514.5918596294632,486.0716011112874,461.73696130767513,466.8397934965824,458.1064793513828,383.4422584531931
JOR,725.5970491759782,725.1985222137104,745.2496658519814,776.1746889796977,753.7737527368357,723.527397586353,795.2993121823924,822.5974642132248,749.9022116147029,852.4890857076712,761.7134885303124,773.0723526355091,714.4897853274659,665.2926327680807,655.4122484932943,632.4440790479797,605.5284932704,607.4075338775501,597.3950306742508,607.8705370306137,632.9037927329312
KAZ,676.1189450208753,826.3270450323639,748.4163445235279,806.191695976462,992.4858541852348,1068.778342453955,1117.7359891592505,1346.656877526353,1293.0429505092434,1207.9441734340282,1187.2666063381998,1223.677485600546,1365.2666442787752,1232.2954137999786,1127.1489802324445,987.7930156093764,637.6571048564622,622.4211651805514,477.6399791231469,487.1694282411077,465.9737432590651
KEN,142.19302277706123,147.72848625377628,154.19805524311343,170.08141451908392,164.35320796042703,172.7032618340652,154.73353308159878,175.63920703354984,178.53982320116543,155.76680041273582,149.39997489235324,136.14166664624028,144.03639060720693,148.77727259103506,147.02244283726225,137.69496616032117,126.41756115978738,126.68136052960766,136.34634725826228,139.03240242026098,132.19078071188835
KGZ,154.01275964697075,138.13709565382055,150.9992251079034,156.21011548597292,183.9905225635963,182.7757791667519,195.83467127374607,214.9609434941513,240.28123700827985,218.387637492407,196.31180266329116,204.73164694842853,217.41569745154703,210.59254313063408,183.7029997447369,158.28858290985323,146.68248029224284,150.39508747028987,153.62992189377462,148.7245506549595,129.273191792094
KHM,25.161255412004035,26.50300246868138,28.543364151531737,28.97014486859167,26.558343091250283,26.377163224503803,24.400161142771942,44.38836490476093,45.90146110545093,48.47980596354785,51.51421910123049,53.10785876327983,54.20005799653892,55.63815313324967,57.25660772635865,58.85992800801044,59.94199148020654,62.14763860815375,63.25939234951519,64.97036047754497,70.5722009161039
KIR,599.9642066300742,537.5153546039875,595.3379370339209,733.3687270779083,823.1655188792513,897.2061030557848,878.1905964458092,981.7985460748394,966.9916560525418,881.9898323995504,947.5916071733944,1074.8608813623855,1147.1868527024417,1054.4351081668467,1103.7511415678175,893.3474655019768,1006.2350870543056,1013.274775026553,1089.8932862455558,1005.344587909882,1019.907138319594
KOR,1725.8390954278325,1697.9061486933972,1873.7312360111796,2088.72857746718,2319.181509684356,2797.1527541103706,3270.974881151956,3563.718929352709,3225.267872153944,2918.057987433366,3322.108475653381,3617.902913238159,3704.0468562691176,3986.737770392529,4326.608202779657,4084.74467086211,4128.5299976415545,4413.595308983182,4849.7298835606325,4990.467965898743,5163.714609578144
KWT,8486.03957833935,9100.355920986814,9959.737986427688,10719.574319283734,10134.666046180684,8676.690242495439,7939.471149014089,8210.865116214769,8022.917098436242,9042.64473714393,7748.994855030338,7235.502856995474,7284.500739016036,7514.611090736579,7790.714587848663,9718.477678174026,10262.243467663928,9026.80463967832,8494.795930448581,9130.008606803096,8957.894859818505
LAO,50.35136602725719,46.68281532163937,58.99487359218561,50.70661594438798,53.36337078190175,58.9330216879208,61.25082503654345,71.67752964550114,81.93941339864395,153.10652146060187,149.91818427995491,159.40415737499634,197.31576728274263,272.26177882067066,250.6125172094059,260.299747123648,252.72410584135284,276.9483360428079,282.03550661767355,273.25338562386906,265.0462796883153
LBN,1016.3933577697236,1035.606368616116,993.4076310396796,950.4950336583674,845.9218233869617,850.0777292654116,851.2723175250306,877.8192249241263,935.2413938156062,983.2528975809108,976.5852399715362,964.6899771751148,1010.2009154756918,928.6165214462146,885.9747447630688,837.1589092257291,854.7344732093244,863.9289614870868,978.4879982453014,919.0848539807008,180.09256059516574
LBR,51.32602402469308,45.534935324631576,24.26938178085759,20.24823065354375,51.54048099261072,54.42772427997213,47.45544209131286,72.78342615501315,100.76180474970752,87.66054825022216,81.08344500046394,90.68550019091732,96.76198060969011,126.9101154998818,108.38401493800382,106.89250486553055,96.96162432786376,98.48444158615386,99.69826626822966,112.70865851871756,102.69790223318952
LBY,4835.994458662335,4080.483364901585,1561.833182030723,1373.4541975295294,1466.8127327858906,1377.7063988357938,1364.258738805252,1654.6060903707871,1441.8962785085953,1296.2638569033545,1258.710458040663,464.1138543935032,949.0774225308523,771.5957422546819,557.288938097313,445.5736970487477,410.2079946805408,495.0855942478378,557.313617881865,536.3362248185516,355.73335650362503
LKA,292.445438975908,240.56199932279748,287.2444114575155,285.93397811716926,296.1731712333537,325.67979189260103,394.9812866458906,391.0315290589419,445.1035727784621,469.397811708523,245.804199691738,273.977222059,229.3013035656235,237.47157904813773,263.9411734599516,284.2697749109558,259.32870688652343,257.456781810136,266.8385932990614,254.07196816776707,258.94309797325894
LSO,334.3256477417258,282.14578988898995,235.5152367047593,348.9361408132071,422.58453479755497,450.9072276830871,447.1513129819388,431.44220625584177,402.2273590420141,438.4748108642583,489.1131830118904,491.4229386409755,475.417927460322,419.9530089683543,361.04988372028777,298.9814771066599,286.005511850212,303.9105082824465,292.4703195415653,265.1281913324124,204.03728470963824
LTU,1067.1187607479235,1081.535807635823,1231.9615746213442,1569.1530025145482,1822.232996777004,1919.5151529538612,2176.490058185385,2438.0507671512146,2902.8675776341465,2711.614107869338,2484.8966659006487,2586.5663269649053,2394.783394613201,2475.125557484875,2586.340758642646,2316.195437651161,2373.134301771863,2454.8106131565914,2725.2638106904174,2810.007432606511,3185.7504730511296
LVA,1345.7106242880277,1373.9426624556518,1517.3043085682052,1842.594354487116,2011.030909797787,1924.22811095135,2120.5973182231637,2633.504399962032,3086.733372042824,2457.220495290361,2189.342027516604,2449.2278698008536,2281.844611795784,2477.9027158425347,2568.1113028767163,2307.8509693925544,2357.5430089131683,2534.902226604684,2774.0204930321147,2861.089837119864,3037.4849526688963
MAR,276.6434465003444,280.35959859246015,289.1547225294191,344.51027485003124,396.1527925795103,419.2677505735877,432.3393534796456,466.32679797883344,493.92568090822607,532.1604776138939,513.6995464452964,578.2762490585009,584.2289050466511,618.7792078761933,628.2304735494957,539.8055487937778,536.8505587494794,550.7678325439651,579.0871292540659,582.8635482755179,606.7274452910982
MDA,158.76183735992964,160.10583687428678,230.9068258337847,233.41282300161225,214.9885726111081,249.92155345393465,306.5366569587936,342.1810715518285,442.8229618372398,454.9733753128819,336.37310434048527,341.5853133914301,331.9868977827142,319.54843019099513,282.60371496314724,212.1509862715633,214.78159898593304,245.1631356499919,285.00869558028324,263.5355244207331,273.5157952976849
MDG,144.47062023168024,148.88137143283282,107.6874929521313,150.09584712562335,107.86884209562336,87.99705831839816,88.15845733820053,116.72373050237054,98.22555064064056,71.15377036140409,68.3318429751949,74.9993450192136,73.73242714458065,76.12071373289625,70.66023097572811,55.95553533059166,51.00298902172155,57.45971706701229,48.7913704684552,44.43871195759995,41.66172803432247
MDV,1058.9252006433453,958.4992193758478,962.1228572452824,1071.2898747476636,1114.7445869569794,954.129455451028,1191.4676465939983,1276.5240313780555,1393.4523575352512,1288.091285796043,1372.8280779049956,1293.2125831600963,1240.9151465650218,1299.222389126889,1343.0619440481112,1278.874069868493,1273.5580262875756,1081.3222268560194,1129.78720758585,1226.4994067773323,820.1514929452917
MEX,1245.457595378309,1285.5670659793836,1287.9844533539354,1226.48815138865,1142.2075019692472,1197.085354305071,1211.895007726732,1225.3160133966085,1236.173920278564,1055.3158114949144,1155.137353497081,1201.6654055427869,1175.7469657651925,1237.5309554067553,1207.786169029784,1043.822501147329,876.393751365412,843.6911897721576,835.1744996450491,809.6794231497214,740.0732456986988
MHL,1625.539414016607,1732.6718596670344,1784.718816999563,1740.3024532050376,1742.4523958493808,1788.4199426178968,1762.0299738007504,1839.542936168348,1710.6468155445134,1769.3572974314038,1715.93336948853,1619.366994550987,1595.5071684661,1639.4796692686884,1577.633918969526,1674.1312156309862,1690.3467738564702,1711.1394758637207,1831.4198821539128,1938.816639216973,1984.3989991370784
MKD,427.2847962618721,562.3674046548913,520.8714533120534,551.7505134498748,609.9531843676899,594.5003473470902,643.2587885088733,759.6355637551749,945.7511805742104,917.8499712460468,862.324200385541,917.5924550751796,867.2371253192799,864.2242279323458,874.032719897875,752.9533564089114,700.984026175785,697.8001618399267,720.2758590149608,692.5068479305738,802.9240348646218
MLI,71.21948256256384,70.6935251349483,76.47071769851135,98.0711627208058,105.38673669079536,97.36538496486904,95.31597362408316,109.50446437555654,132.2920748690772,119.58431704659888,125.00012880847828,157.4126328491988,115.25763316018194,129.04976405225267,129.33388273848172,112.15098727330748,114.04357100010724,118.53131797358252,123.5571217838146,118.0761882494272,119.9982070857782
MLT,2404.0522326988607,2459.310433666893,2588.3305902725724,3082.003685288302,3394.7953670440484,3356.075672071952,3528.466051739339,3884.9537008333537,4683.987056766627,4338.165427232456,4204.907829910799,4523.045362703931,4355.546346591903,4446.887224028137,4679.2105651184265,3923.0812767409816,3773.9523172109552,3891.894725344683,4561.043502320569,4920.329849735608,5849.084626985847
MMR,54.39400368925951,39.06600925805657,48.18088519664875,46.09172825189577,43.07701308652887,42.55305551840892,48.01748362920498,67.98195877185795,76.18007128012336,99.8452170734295,121.4173115933914,127.53415781296106,153.02371361746515,192.2021361184036,217.54149767747157,190.31452467922668,175.70041174535115,174.74561913397602,166.3532717495727,177.1682221812601,154.3488307865296
MNE,755.5319102415392,850.4517985432925,902.3221027406134,1190.7249512656713,1339.4911953183714,1587.6929504198483,1107.0759880602502,1338.7026807481732,1711.711644816061,1500.8833449449824,1483.8661625381774,1530.859604576124,1375.197348556872,1358.2425422247372,1374.7674429420078,1175.616729788694,1233.015858668559,1237.4901817549742,1364.540544488366,1294.432290418123,1417.4946578176612
MNG,355.4806185938636,390.1598951497261,384.1392025891939,348.0066468843089,374.1022134705935,327.1392059233456,344.777932210286,422.8653345552074,510.3912004519281,387.6800318920492,386.0911226961833,460.49856795730346,521.9444096744558,506.2295483070624,434.0612558004794,417.8768206409635,412.969826093487,325.9872503712486,310.47295134920904,309.255783991548,331.3585872234049
MOZ,99.39060190406376,92.94327782998482,77.17091507295171,82.4320699831017,99.28825766761427,97.97817808254943,90.95614494311066,90.22294402179004,103.71252254474246,101.36664866845004,86.90797445991272,114.16614550780908,129.7077431225591,146.25155927808905,165.4410872179835,131.82235886752738,85.74149502645669,80.11920152933439,75.16962794666406,71.46195967196617,57.56780434842627
MRT,412.9732376976996,368.7293779665933,340.1961725626788,346.8947522398787,354.4073759052426,327.61397620050474,304.3485447216818,317.2709387602086,338.22386866247774,314.950073256902,256.01677049724225,196.54226420477212,218.092968068969,210.67116280615767,247.19363986134144,252.9810126123443,210.9136892830624,199.03568877017375,205.53708000049215,199.39597715288588,192.5939197796463
MUS,977.8846077513656,883.3566924770558,881.5230528176264,991.0767884640154,1052.4650323810267,1015.8693232460054,959.0048659267658,899.7191837100186,1041.4223592253004,1065.8309188266178,1142.7182616986074,1239.569742967829,1213.5452779144052,1340.2320259327562,1412.6989601030136,1285.215151370341,1358.76471478825,1424.3398421590273,1513.170020334412,1489.6007239632377,1371.5352178957771
MYS,636.4503976405432,741.2340898066743,823.4533251081056,854.4938432512203,867.8713489163491,820.311767156379,853.3724383674944,983.1237580053198,1036.3783422396205,1075.9529827268875,1198.970431221607,1380.0652166035952,1482.5389696474365,1487.1032653878776,1455.2434085108096,1241.524328868354,1156.3991193221302,1129.89954490143,1219.7812756728845,1196.9463720373171,1222.4351703839782
NER,64.39912021284452,59.71918432688641,62.09075408800991,72.32604470470574,81.22898027457599,76.71236570233711,75.11969716599242,82.92899608043601,91.94746615478236,91.59756749545144,76.75461161056101,83.99618387294494,75.96526618928208,80.55939001074455,96.9277334296066,80.32084568133632,72.75471711915915,81.58821941854518,86.24112489310038,85.23029134254912,83.98491901712802
NGA,47.66862486741724,42.20111756321659,29.481169714225143,20.44116506620753,106.47920951710772,106.12300277932704,126.1998493876138,246.97089864517665,271.9531970361915,208.94815177573813,221.5059018431588,213.24068948754868,203.8433391664232,183.61684885307335,165.85654789192589,128.37919457399215,86.08291643614244,57.3154044132266,68.16981052763846,67.51920485036493,92.01160563756284
NIC,208.29088173632303,206.01248411709707,188.36125229181744,188.7186655266203,183.84570165192076,186.8578758563998,294.0657317322511,268.3172105752796,257.3484160887826,244.96056523388265,233.6473092585712,225.17699254692377,224.8316832544766,224.88731340262285,229.8213811260636,222.80295293525063,225.38930286520167,220.98693861966123,206.3201405974512,197.69518972503585,188.14199136225523
NPL,55.702336249679234,48.849965418844,48.306536986174365,49.87318432487525,54.15013512560538,57.9764973381702,57.88527013654078,64.28759271733098,78.65960418540247,75.18320064598475,74.98836752746382,67.16848978016316,58.93581731220765,53.76925932191221,54.233357672425214,61.05981832647408,51.12923638555596,59.16193156178972,60.30705271938459,58.81038550502428,60.88977312623116
OMN,4666.355529584836,5193.851289395766,5156.765272088392,4619.241213313829,4601.205302894802,4258.370278183819,3912.441019911876,4007.7488483897687,3153.4013748312536,4374.151885805587,4064.8379446558015,3770.686469070842,4144.12753861098,4470.227953268662,4866.720861415257,5484.876764403053,5811.1585501330455,5244.319630862428,4499.467087174692,4304.746073124386,4031.252334760662
PAK,128.70792407254453,104.93223299559632,110.58086979801143,121.51830278709122,121.82509091063449,118.2314839007795,169.73556300257033,162.44364692233356,154.60161216939554,133.64793125327176,121.87413783042952,113.42404662896736,118.58950457129204,117.35182638521982,110.60581429883683,117.43927711304448,121.5942890413554,124.77062451157664,128.01460311183803,102.35244278027189,97.30051392898052
PAN,813.3053138551267,847.8825021065131,904.2608180388652,871.5331797862274,895.941236822503,911.0867646361652,912.8839860640032,955.630716236474,998.5624186376912,982.9382900048104,1078.8971927640846,1110.2720398523777,1096.263283783075,1136.9794958402736,1100.8165089683655,1172.0383905174112,1289.8370252918955,1393.5520620684483,1450.1589538554283,1505.757445919532,1242.4231101911637
PER,320.8421630066974,324.46421771942653,321.52637620744326,345.88923851497304,358.2658198649448,397.4220697059554,406.9405597507623,439.0013664788959,504.1175742377576,542.9539083292093,571.0474893350784,608.199969485448,701.3441267816069,759.8222783339197,789.9716373753258,750.7410852235896,736.5701627350018,771.6183922390001,774.4105152100913,776.3685543589106,785.0633648269486
PHL,195.82281589585955,166.224977195483,159.49225715977218,151.16872679067268,140.61201326128958,142.86512131838222,162.2564372716338,192.3526861217769,195.5786554933018,203.13078661170857,223.9939267469419,238.05545102934911,285.08821002183026,298.3786530127873,291.3771521614667,307.4700712864276,320.79718474106085,320.4317516381317,342.05584139853363,376.8959735862676,430.1071173995787
PLW,2518.2657132041086,2646.5548131670903,2729.624659905332,2667.8449490053576,2887.4587711816384,3157.295078149417,3476.729242128203,3538.21390688902,3644.502320212667,3729.735667557048,3800.925149826685,3911.466080685148,3760.076766818351,3662.446348415437,3726.4631398348342,3568.349641577432,3638.7920445085583,3714.363616607137,4172.1218405327245,4113.709643388829,4026.730295462493
PNG,291.398090123497,228.73775436986767,183.51579930139405,199.8336046630026,222.60958349594537,235.3228872304042,243.86659347888263,262.69949651603946,279.0709598806101,283.8381570167296,308.3418388244645,348.7881786147576,405.8517074229151,382.684149699167,387.9659853872048,360.17425798188714,329.0700223832004,328.2578270028629,310.9406608441676,314.1201673086765,290.3106417021472
POL,1097.867214204711,1219.2537373743708,1248.3555670703136,1377.7941010379243,1490.724977740413,1747.0531370855806,1955.2886323538244,2303.686828395972,2830.6814233789173,2257.139855553858,2478.959140141467,2503.3101833884803,2303.2177100395456,2437.187424737231,2527.2312640868204,2178.090245558562,2132.4368904475105,2303.892608347176,2549.2200017112305,2547.005876794294,2580.321270060589
PRY,530.7526468060846,399.32596409596766,249.222291697089,214.7269052175459,225.77935980672405,234.7997148537174,271.7812321868962,292.1638402471787,342.8721767368235,364.4863110551285,415.153456378264,536.1696307223465,580.1441809593678,613.5342947305477,628.2629611481426,559.1902972242766,508.4463983384687,518.8866672642089,537.4706020552396,503.70008269105415,488.8272374027264
QAT,14152.147384245956,13414.082541077363,12383.296694754254,11125.902474245644,10182.175272890265,10423.454115648949,11457.116497887197,9562.39957115717,7828.334361811326,11688.833952446685,11147.64994983652,9097.315594514326,9800.083350493638,11554.097538969514,12287.63425139411,16134.304387739852,15530.031734477352,13429.078727584889,12310.56627842055,13860.692143959435,12551.575625097968
RUS,1317.8944685302913,1460.426591415171,1559.1022337473014,1714.1639682468754,1861.2535595950328,2010.9736173356123,2337.047630549644,2683.827871868418,2995.997013072552,2520.102356264329,2476.9108785746,2509.3754910443167,2530.085786792165,2586.1772900223164,2081.3101838066764,1263.4711364627196,1193.389507537364,1375.4040347401149,1278.0337363828155,1308.0711712984446,1284.1748957211348
RWA,90.53692324628288,84.68647442351462,91.50186991673952,80.86983590879449,77.56425996131775,85.49391603750338,90.4183741239834,84.29653969658779,79.14315402497286,81.79954482976466,85.52664328172075,80.3902837183018,89.71121215806903,86.49626552268373,94.29887429200532,91.92554932597672,94.4945210292593,90.14801774128615,90.36108352356564,98.93822959755724,90.79944924547706
SAU,5483.487504498602,5578.201846925044,5005.744023791444,5101.450204960565,4991.562072438553,4782.157928957528,4937.920138108973,4583.333245774823,4056.4953659572775,4840.23715034854,4495.913789502334,4604.207930794903,4846.757080826673,5427.898723210356,6348.94832911772,7417.536208091283,6346.505085428971,5841.625112212026,5920.882299112966,5659.826183287775,6391.680559980866
SDN,122.353173272435,144.27429861822318,147.4686429463089,184.3827816822948,235.61878260729725,235.99821134741188,284.82516220454033,350.052412734923,297.4122391386251,265.66063845221885,244.21236275198368,117.52168050920132,71.9091091315155,58.79837896060917,45.51715870750923,44.66408383646069,29.182923065279816,21.83866148636147,10.211707849193186,5.734896012890063,4.995132939211376
SEN,102.59810693238568,95.6611001301952,105.36267802155751,128.3205031552757,151.5284520636612,151.31309468778346,157.7147405178672,182.50110376580076,186.25718580551143,187.4019615094104,187.03910104468315,202.70247063430136,185.9703555291301,191.7771220874181,199.9632095135784,167.61255612619993,169.68257687015813,175.7439667140617,191.87179636525067,184.4778409717833,198.2306622651538
SGP,2841.1507000456195,2953.883068234609,3111.552889051467,3203.3299947027463,3240.465225212298,3318.244280261915,3674.96800539073,3745.3472438996314,4312.83359330276,3965.932971994227,4577.165772177577,4902.164254805619,4845.190242910602,5494.47697571527,5501.60334028716,5460.003300814641,5602.944756630773,5743.45987348738,5928.868368184581,6069.776381467801,6790.315075387017
SLB,671.9875474146551,548.6078175970815,355.40709028373203,304.126265562711,430.7462015688088,512.2433432485714,551.4485096410425,555.1333107545406,540.6793885495995,489.93633536424426,487.2239179010693,507.8335829872053,498.498503328932,494.82322636286966,467.09506041885913,419.6553702377577,423.2989532434296,432.02841649378,429.8904640649704,409.8496703636974,378.7653838245163
SLE,96.6922372249137,83.563914332973,102.33779423524932,81.10117656459127,63.02320128454154,56.53356322129848,56.87040698710903,50.80630221006622,58.45535403851613,56.5649380015449,49.050294926533006,45.16217670406674,51.5669373245154,52.09196310336976,41.876386242700086,41.57616486766754,42.27207891968515,30.7324567338563,25.720769592360305,21.21562406280282,24.028464840791205
SLV,369.4429886555566,390.62392944121984,400.4328232940423,398.5181010457148,399.0087504526624,414.5363832076516,441.0455954152375,447.6154376803648,468.86087318237713,500.3741688523335,496.41862556569686,514.5890866325087,526.803392721733,554.8221120302248,549.5988786206125,579.1773242819439,584.513681920364,588.0057019679463,598.2609276971488,615.5611598388851,673.2327906219527
SOM,1.777522447857214,1.9625701718021729,2.1999659366023283,2.507015092941822,2.91038116981683,3.453056673559332,4.207590421565629,5.300870807223871,6.966810384894496,9.67056122764239,14.41127295949314,23.43547704595433,40.88460985858189,52.09513030352296,57.08090708703895,51.21925082328502,53.80912209635049,67.74852794170455,65.17652409212702,67.78804612630135,67.95693307429504
SRB,722.4497433512832,817.0757464074547,1016.7932799551348,1200.8417224283803,1214.9666839880003,972.4228868501308,1066.7305833422724,1332.9401867337162,1440.3248467954768,1124.644861481901,969.4729389434112,1040.8843270304696,865.528470327287,869.8886650905738,833.7028773755198,628.3880385644342,620.5568704129295,661.9481450305797,764.7974448063586,766.3685768399574,871.1051283211043
SUR,1618.5600149771617,1029.6665360713675,996.0949989633904,974.4486526206772,1021.2246564227888,1059.711238146666,1052.1391791185442,872.9916460508899,967.6429256537676,1191.5240919805983,1252.3447346595149,1135.8868595512006,1187.9986429919968,1263.0376963554438,1280.348399655183,1136.6249136630215,451.3675927254808,361.503356189555,359.5479013991248,490.3593359279622,350.53391036993725
SVK,1511.2031388713503,1526.4490266069126,1636.2455715102558,2104.157400555627,2215.8466684215373,2322.853163526081,2581.8419201368283,2851.3835079430887,3294.5687609132333,3367.702832020066,3289.0778090966114,3379.2260131865164,3075.666004871856,3239.627128585106,3371.8938381601047,2991.5376831463877,3092.296396877317,3249.4073693303785,3477.091074972181,3550.101167762499,3776.3287816962297
SVN,2809.2183566886933,2712.9325290619536,2811.730396265378,3378.159186501228,3801.4206742382503,3947.340316769949,4138.606116760922,4498.130781373652,5156.31183946789,4992.14584059547,4862.9216066546405,5164.233100856574,4585.632152360009,4513.64305958756,4447.99200511776,3780.5826977281567,3929.206333270118,4055.973929492721,4387.635524213223,4329.81304619754,4620.749268352135
SWZ,500.8069836019698,410.09982928688737,312.8283499549681,526.0139973159878,743.1238256757003,758.1356364299002,754.7717959339321,778.9093453118485,753.6199327353353,789.0054406591627,917.6927355988568,889.362894777139,762.1237934019927,677.5900449336408,627.2205864067188,616.6744859439159,597.4249763447071,683.8521629465534,638.3617863658817,532.8051141960469,429.1307929285743
SYC,7766.259782127655,7947.52722771877,5676.4006940231775,6767.193784870668,6489.553297350243,6988.200226144477,8624.403206148327,6973.286061052998,3737.1059743503583,2695.928717376843,3030.156985689748,3182.162891890987,2895.416002046652,2259.301852078531,2435.2693545835195,2497.098262995638,2764.116104715988,2684.367634094815,2921.332768597844,2910.290256051116,2369.242791236008
SYR,298.6094601244019,307.1413206788472,306.857108057372,330.68080029243987,391.9189984460663,343.28684215404,295.39146579989944,330.0003794980236,310.91904699015447,299.02846317221736,291.40796032884145,289.21268054484085,291.98421035536506,298.4451184218131,306.017041348787,312.1039088942431,315.88144523832096,317.35238784694377,315.2111146898651,308.3734657687358,296.70832514033305
TCD,26.98926453840724,27.3047168970825,30.957547716599297,40.25480418655101,36.84784851446801,35.31104071315286,38.09624327448017,54.45649462628204,60.85019571957638,70.49592450127929,65.27540374161381,63.84838876279191,65.7946646605075,80.11709117860217,65.12591499679965,44.72841307162384,33.18301106022712,32.716859063040175,28.30158205014111,26.767799631059,36.74030303106032
TGO,49.121895335626526,50.275681980386096,42.24913053612602,53.989233735989394,58.24959554699265,63.75996119303287,74.19964691716393,70.7857409227213,70.30775797052556,62.972335051298906,72.13205444492618,99.22411576116016,86.02789140611436,90.57306256373708,102.573007973955,96.0144185387318,75.77382424491567,73.17861440332736,91.08816393990506,81.55609728395063,83.07209948959208
THA,384.7604208720706,353.33618901201913,376.0786789318028,406.58005122316393,449.1010429806847,484.0662719611983,530.2814354701728,629.3079138545213,679.5543506400761,726.9439982350526,832.1265787520591,886.5262226379585,940.4257876064246,973.124329659134,956.9199374411108,943.4940425083038,929.279690838788,969.6099859625,1049.770483651854,1114.6220395149694,1132.7467194198744
TJK,82.33498807042241,81.14382550866301,75.33200558032517,71.28853016331747,113.46231543721083,140.28671569904617,105.79260734891427,85.88147028758847,95.4806759972906,107.38767937869302,96.2119025015194,115.6957361498139,111.2692473711972,120.2300612388159,127.63505323818288,87.114091108995,72.69845491491948,67.42361609050553,65.1757536932659,65.23660327025739,62.45151159788612
TKM,788.6048669825742,568.7298434475194,500.0916363655238,565.5436911716954,537.7980816048532,619.849878676202,553.3340200576409,518.4227948155991,347.87969683632576,346.800814013026,357.13223213597007,374.6749161063869,366.2836045733076,404.3619242584629,475.4894969888815,455.7037824611487,473.8913485992773,524.3671804529437,556.1175185912787,587.5234480344441,610.4909347539286
TON,730.8220553794072,677.6160186831988,555.8405436169472,559.6594255107462,555.97529863616,566.1189914271401,733.734268472944,630.4192096846907,705.8173826024049,657.3223281768451,644.286394690008,707.8415781672841,832.4597944707738,811.9618110265234,800.1302362638468,758.4659251766245,707.1490786528994,728.2205449893409,728.7549072759294,701.2660264165391,693.0163422983519
TUN,544.9575278242071,531.0119894577944,561.5567610239251,642.9604716793447,689.8431103474898,679.4849643085208,682.0262564961839,745.3228835816861,775.0538038133486,743.31182337299,717.7315515496015,767.668777311986,721.9157013774783,723.2516462326051,706.7202812781934,640.1520104331837,613.8511864235418,559.7136010435789,495.9878245850933,461.9333276463458,431.7750513401844
TUR,2568.3690872908983,1289.6698519378676,1116.5027769543317,1146.534056841023,1278.6310566788595,1443.812628434782,1519.260309711191,1793.567633537417,1816.219894254342,1650.4093126297146,1728.9849242728822,1553.2361043172637,1551.13034060637,1548.9227579451087,1390.2705979422128,1149.1397529506198,1122.6677366114595,959.7035190019056,751.1241621885815,673.0916301166359,538.3486888708985
TZA,77.91355187057022,74.95863991812523,78.44925934004121,88.68112062141365,97.68954489951194,102.2841394063474,95.30747071422336,109.67225172654882,101.15166377029428,102.23297150301616,83.9310300973961,73.58007486777463,79.52841725139135,78.11401986953388,76.80170301628532,66.08289723989319,57.25387236539883,54.31378721568277,52.26023780391974,50.84824179947215,52.70987035548677
UGA,117.36032108529388,110.29493657922222,125.84446924003696,113.37430261526718,100.70280078688064,120.58353118677636,119.8951230811132,118.06057446917713,113.45582933746851,60.87681915203999,74.44366504222617,128.19735330610962,57.78864053781254,53.45836593040444,58.05740463322965,63.79847616257074,43.45848282097833,45.97573961416707,48.93116289170121,50.43069554258841,54.56281084396632
UKR,637.8964200027158,635.5873890780223,638.0274180608213,727.4024028641485,761.0384168760754,850.9185409956721,943.6278809880824,990.2178891847492,972.8968044089108,635.6355159031374,657.6480878037548,620.9600386777447,669.0782397150567,668.7773380740371,423.7639403390415,211.8254745335958,182.83964203238537,200.9619555322496,205.33872892609307,202.75248551409967,192.5572476365549
URY,2010.0952239006976,1772.1175046056971,1012.5054206034828,747.3221702063308,708.3484615242153,886.8545904816888,967.7209935167532,1073.7012022983172,1368.100046884888,1399.1098800075763,1653.130474098784,1816.670129227432,1855.0993557317431,1954.9220273179103,1795.27887913563,1543.1625111040737,1425.3160673263178,1529.1596841630385,1436.216352751315,1255.7570050938643,990.3009869373068
UZB,1483.850880730511,826.1595776280273,463.52566945033885,365.1988824429485,343.7983579412952,326.1080695809408,303.5075513617181,322.2410881490096,338.23685245964424,314.42545123892603,265.12202731869974,248.55908229668992,245.4184362811178,252.321162371267,238.46546865172,232.8654032183705,218.59303194956985,115.59908637441572,80.87099004789603,92.47102785716515,84.5732444649269
VEN,7247.218073919648,7903.273798554894,4028.447865985957,2612.298877274795,2394.458525765584,2174.20043204878,2424.586195557707,2767.0813841834743,2734.0619257430794,3014.571651278134,1986.0033325024883,1261.83641093197,1388.113937214399,998.5991066449787,1080.2119336632973,806.7191505246757,749.9688300432749,720.9519182579977,705.4216805583404,693.4095098574263,678.8006301207138
VNM,78.23773188114757,78.01873565587285,77.94940036869939,82.47173589180265,87.52600250618272,79.18929825747675,84.2480846512152,89.13409128201955,93.33054444991356,95.59177286240788,95.76893630601528,90.15214096471968,92.7155499465826,99.94413989751943,105.59209487274616,109.8325891881166,117.38246505648748,121.6698058528254,126.91589609427264,131.72421151695323,140.2660748856479
VUT,424.4679425340571,374.4738266714838,293.3051303074396,333.1944775691163,340.6913628577305,345.992544278775,388.4471839990192,471.3751169246482,469.2004421438209,477.4378772567278,576.0758305111864,585.6174905236275,532.4635760479367,495.58847858976,443.5082628239116,380.53797780359446,374.84952210557583,377.8453498611157,360.69111010863446,340.7811206537442,294.46110333549564
ZAF,1226.982952443846,1010.3318043811176,857.3450632215115,1231.2259802931069,1497.052136839422,1607.7056950695185,1467.3547873916173,1439.4081000300955,1309.1699158612937,1319.4861177253797,1579.3960592872834,1590.4642102715247,1443.5706278297164,1257.8666111812106,1134.1458820825242,945.4814616955626,824.2452492560213,910.864983243328,932.1718457438236,844.4713758844563,720.9270128553525
ZMB,110.97119979367662,99.09941968136688,84.12590901814208,83.20303410197654,88.30766552002864,102.15000425288147,138.5057426607484,138.01461366005162,163.51169917483062,137.2953589979166,155.23040006424677,171.4020045723225,196.0521837478977,194.93805924956592,206.7877626402596,149.82150091953946,137.30462281195355,127.61681418971918,108.69673331989114,120.93834814979502,71.80557906099328
ZWE,360.59243136627566,265.75639011873454,244.6552723129369,202.52061804153095,222.898036386684,151.51415506287614,56.20020166899485,29.287697998225177,15.232650561569969,77.78152552426405,148.95118726892983,205.3216054848324,250.96117435769852,231.7461579658752,247.3083656027845,238.91587345284745,227.55933243474823,206.9574276000741,101.53379898142438,18.890735191858266,2.3782607826529607
